shot_id,scene_id,act,slugline,tc_in,tc_out,runtime_in,dur_s,assembly_s,framing,movement,lens_mm,subjects,location,lighting,device_in_frame,physical_contact,countdown_reads,music_cue,sound_cue,dialogue,action,qc_note,seed
SH0001,SC-01,TEASER,EXT. CEDAR ROW - LATE AFTERNOON,01:00:00:00,01:00:09:00,00:00,9,10,XWIDE,STATIC,135,NONE,EXT_STREET,GOLDEN,,,,M01,"Distant lawnmower, sparrows, one car approaching and receding, a screen door somewhere",,"The street, flattened by a long lens. Nothing happens for six seconds. A sedan crosses frame left to right and is gone. Hold on the empty street.","Hold four seconds past comfort. This is the show's promise: we watch, and we wait.",1100
SH0002,SC-01,TEASER,EXT. CEDAR ROW - LATE AFTERNOON,01:00:09:00,01:00:14:00,00:09,5,6,WIDE,STATIC,85,NONE,EXT_STREET,GOLDEN,,,,M01,"Street tone, a dog two gardens away",,The fourth house. Nothing distinguishes it. A kitchen window on the left side warms as a light is switched on inside.,,1101
SH0003,SC-02,TEASER,INT. WARD HOUSE / KITCHEN - LATE AFTERNOON,01:00:14:00,01:00:21:00,00:14,7,8,WIDE-2S,STATIC,35,MB,KITCHEN,GOLDEN,,,,M01,"Pans, extractor fan off, mail on laminate",,"The kitchen entire. LAUREN at the stove with three pans going, none of them well, entirely happy. MILES leaning against the counter sorting a stack of mail.",,1202
SH0004,SC-02,TEASER,INT. WARD HOUSE / KITCHEN - LATE AFTERNOON,01:00:21:00,01:00:24:00,00:21,3,4,MCU,STATIC,50,M,KITCHEN,GOLDEN,,,,,,MILES: This one's for the Petersens again.,"MILES, holding up an envelope, not looking up.",,1203
SH0005,SC-02,TEASER,INT. WARD HOUSE / KITCHEN - LATE AFTERNOON,01:00:24:00,01:00:27:00,00:24,3,3,MCU,STATIC,50,L,KITCHEN,GOLDEN,,,,,,LAUREN: Keep it.,"LAUREN at the stove, over her shoulder.",,1204
SH0006,SC-02,TEASER,INT. WARD HOUSE / KITCHEN - LATE AFTERNOON,01:00:27:00,01:00:30:00,00:27,3,3,MCU,STATIC,50,M,KITCHEN,GOLDEN,,,,,,MILES: It's from a hospital.,MILES turns the envelope over.,,1205
SH0007,SC-02,TEASER,INT. WARD HOUSE / KITCHEN - LATE AFTERNOON,01:00:30:00,01:00:33:00,00:30,3,3,MCU,STATIC,50,L,KITCHEN,GOLDEN,,,,,,LAUREN: Then definitely keep it.,"LAUREN, deadpan, still cooking.",,1206
SH0008,SC-02,TEASER,INT. WARD HOUSE / KITCHEN - LATE AFTERNOON,01:00:33:00,01:00:37:00,00:33,4,5,MED-2S,STATIC,40,MB,KITCHEN,GOLDEN,,,,M01,,,She reaches past him for the salt. Without looking up he shifts his weight out of her way at precisely the right moment. Neither registers it.,CONTINUITY-CRITICAL: this is the marriage in one gesture. Do not cut around it.,1207
SH0009,SC-02,TEASER,INT. WARD HOUSE / KITCHEN - LATE AFTERNOON,01:00:37:00,01:00:41:00,00:37,4,5,MCU,STATIC,50,L,KITCHEN,GOLDEN,,,,,,LAUREN: Taste this. | MILES: No. | LAUREN: Taste it.,LAUREN turns with a wooden spoon held out.,,1208
SH0010,SC-02,TEASER,INT. WARD HOUSE / KITCHEN - LATE AFTERNOON,01:00:41:00,01:00:44:00,00:41,3,3,MCU,STATIC,50,M,KITCHEN,GOLDEN,,,,,,MILES: I watched you make it.,"MILES, not moving.",,1209
SH0011,SC-02,TEASER,INT. WARD HOUSE / KITCHEN - LATE AFTERNOON,01:00:44:00,01:00:48:00,00:44,4,5,CU,SLOW PUSH,65,M,KITCHEN,GOLDEN,,,,,"Room tone, a pan ticking",,He gives in and tastes it off the spoon. He considers. He considers for noticeably longer than is flattering.,,1210
SH0012,SC-02,TEASER,INT. WARD HOUSE / KITCHEN - LATE AFTERNOON,01:00:48:00,01:00:51:00,00:48,3,3,MCU,STATIC,50,M,KITCHEN,GOLDEN,,,,,,MILES: It's good.,"MILES, diplomatic.",,1211
SH0013,SC-02,TEASER,INT. WARD HOUSE / KITCHEN - LATE AFTERNOON,01:00:51:00,01:00:54:00,00:51,3,3,MCU,STATIC,50,L,KITCHEN,GOLDEN,,,,,,LAUREN: You hesitated.,"LAUREN, instantly.",,1212
SH0014,SC-02,TEASER,INT. WARD HOUSE / KITCHEN - LATE AFTERNOON,01:00:54:00,01:00:58:00,00:54,4,5,MED-2S,STATIC,40,MB,KITCHEN,GOLDEN,,,,,,MILES: I was chewing. | LAUREN: It's soup.,The two of them.,,1213
SH0015,SC-02,TEASER,INT. WARD HOUSE / KITCHEN - LATE AFTERNOON,01:00:58:00,01:01:01:00,00:58,3,4,MED-2S,STATIC,40,MB,KITCHEN,GOLDEN,,,,M01,,,"Beat. Miles laughs - a short exhale through the nose. She goes back to the stove, pleased with herself.",,1214
SH0016,SC-02,TEASER,INT. WARD HOUSE / KITCHEN - LATE AFTERNOON,01:01:01:00,01:01:05:00,01:01,4,5,MED,HANDHELD-SUBTLE,40,L,KITCHEN,GOLDEN,,,,,,,"LAUREN crosses to the fridge, takes a pen off a magnet, and adds a line to the notepad stuck there.",,1215
SH0017,SC-02,TEASER,INT. WARD HOUSE / KITCHEN - LATE AFTERNOON,01:01:05:00,01:01:12:00,01:05,7,8,ECU-INSERT,STATIC,100,NONE,KITCHEN,GOLDEN,,,,,Pen on paper. Nothing else.,,"The notepad. Her handwriting: 'bins - Thurs'. Below it she begins to write a time and forms the numeral 7. The pen lifts, comes back down angled for a cross-stroke through the digit - and stops a quarter-inch short. Hovers. Then lifts away. The seven is left bare.","PLANT P3. Pays off on the box label, SC-08. Shoot the abort in one unbroken take.",1216
SH0018,SC-02,TEASER,INT. WARD HOUSE / KITCHEN - LATE AFTERNOON,01:01:12:00,01:01:15:00,01:12,3,3,MED,STATIC,40,L,KITCHEN,GOLDEN,,,,,,,She caps the pen without ceremony and puts it back on the magnet.,,1217
SH0019,SC-02,TEASER,INT. WARD HOUSE / KITCHEN - LATE AFTERNOON,01:01:15:00,01:01:18:00,01:15,3,2,CU-INSERT,STATIC,65,NONE,KITCHEN,GOLDEN,,,,,CHIRP - the episode's signature domestic sound. Establish the exact tone here.,,The smoke detector on the kitchen ceiling. A single low chirp.,PLANT P5. The leaf answers this in SC-17.,1218
SH0020,SC-02,TEASER,INT. WARD HOUSE / KITCHEN - LATE AFTERNOON,01:01:18:00,01:01:23:00,01:18,5,6,MED-2S,STATIC,40,MB,KITCHEN,GOLDEN,,,,,,LAUREN: There it is. | MILES: I'll get a battery. | LAUREN: You've said that. | MILES: And I've meant it every time.,Neither of them looks up.,,1219
SH0021,SC-03,TEASER,INT. WARD HOUSE / HALLWAY - CONTINUOUS,01:01:23:00,01:01:29:00,01:23,6,7,MED-TRACK,TRACK BEHIND,35,M,HALL,WARM,,,,M01,,,"MILES carries the mail through the narrow hallway, camera following at his shoulder. He passes four bare picture hooks in a row - nails only, and four small pale unfaded rectangles where frames used to hang, or never did.",PLANT P1. The hooks must be clearly readable and never remarked on by the camera.,1320
SH0022,SC-03,TEASER,INT. WARD HOUSE / HALLWAY - CONTINUOUS,01:01:29:00,01:01:33:00,01:29,4,5,MED,STATIC,40,L,HALL,WARM,,,,,,LAUREN: I'm going to fill those.,"LAUREN comes out of the kitchen behind him, drying her hands.",,1321
SH0023,SC-03,TEASER,INT. WARD HOUSE / HALLWAY - CONTINUOUS,01:01:33:00,01:01:36:00,01:33,3,4,MED,STATIC,40,M,HALL,WARM,,,,,,MILES: Sure. | LAUREN: I've got the one of the lake. I could get it printed. | MILES: Sure.,"MILES, walking away, not slowing.",,1322
SH0024,SC-03,TEASER,INT. WARD HOUSE / HALLWAY - CONTINUOUS,01:01:36:00,01:01:41:00,01:36,5,6,MCU,SLOW PUSH,65,L,HALL,WARM,,,,,His footsteps receding. Room tone.,,LAUREN stops. She looks at the four bare nails for a moment. Then she follows him.,,1323
SH0025,SC-04,TEASER,INT. WARD HOUSE / LIVING ROOM - EVENING,01:01:41:00,01:01:48:00,01:41,7,8,WIDE-2S,STATIC,35,MB,LIVING,WARM,,,,M01,"Television dialogue, low and indistinct. Rain has not started yet.",,The living room. Two lamps and a television playing an old black-and-white film with the sound low. They are folded onto the couch in the way of people who worked out the geometry years ago.,,1424
SH0026,SC-04,TEASER,INT. WARD HOUSE / LIVING ROOM - EVENING,01:01:48:00,01:01:52:00,01:48,4,5,INSERT-TV,STATIC,65,NONE,LIVING,TV_ONLY,,,,,,,On the television: a woman in a coat stands on a railway platform in black and white.,,1425
SH0027,SC-04,TEASER,INT. WARD HOUSE / LIVING ROOM - EVENING,01:01:52:00,01:01:55:00,01:52,3,4,MCU,STATIC,65,M,LIVING,WARM_LOW,,,,,,MILES: She was never on the train.,"MILES, quietly, to nobody.",PLANT P4. He is three seconds early and does not notice he has done it.,1426
SH0028,SC-04,TEASER,INT. WARD HOUSE / LIVING ROOM - EVENING,01:01:55:00,01:01:58:00,01:55,3,4,INSERT-TV,STATIC,65,NONE,LIVING,TV_ONLY,,,,,,,Three seconds later the detective on screen says something to precisely that effect.,,1427
SH0029,SC-04,TEASER,INT. WARD HOUSE / LIVING ROOM - EVENING,01:01:58:00,01:02:01:00,01:58,3,4,MCU,STATIC,65,L,LIVING,WARM_LOW,,,,,,LAUREN: How.,LAUREN turns her head to look at him.,,1428
SH0030,SC-04,TEASER,INT. WARD HOUSE / LIVING ROOM - EVENING,01:02:01:00,01:02:07:00,02:01,6,7,MED-2S,STATIC,40,MB,LIVING,WARM_LOW,,,,,,MILES: Lucky guess. | LAUREN: That's four. | MILES: Four what. | LAUREN: You know what. | MILES: I genuinely don't. | LAUREN: Mm.,He shrugs it off. She doesn't buy it and doesn't press.,Private comedy with no setup. Never explain what the count is.,1429
SH0031,SC-04,TEASER,INT. WARD HOUSE / LIVING ROOM - EVENING,01:02:07:00,01:02:10:00,02:07,3,4,MED,STATIC,40,L,LIVING,WARM_LOW,,,,,,,"LAUREN reaches for her phone, thumbs the camera open, and lifts it toward him.",,1430
SH0032,SC-04,TEASER,INT. WARD HOUSE / LIVING ROOM - EVENING,01:02:10:00,01:02:15:00,02:10,5,6,MED-2S,STATIC,40,MB,LIVING,WARM_LOW,,CONTACT,,,,LAUREN: One picture. | MILES: Absolutely not. | LAUREN: You are a very strange man. | MILES: I photograph poorly.,"MILES turns his face away - instantly, smoothly, into her shoulder. Played entirely as a joke. It is a reflex wearing a joke's clothes.","PLANT P2. Pays off on the camera roll, SC-17.",1431
SH0033,SC-04,TEASER,INT. WARD HOUSE / LIVING ROOM - EVENING,01:02:15:00,01:02:20:00,02:15,5,6,MCU,SLOW PUSH,65,L,LIVING,WARM_LOW,,,,M01,,,"LAUREN lowers the phone, smiling. The smile stays one beat past where it should. Then she puts the phone face-down on the arm of the couch.",,1432
SH0034,SC-04,TEASER,INT. WARD HOUSE / LIVING ROOM - EVENING,01:02:20:00,01:02:24:00,02:20,4,5,MED-2S,STATIC,40,MB,LIVING,WARM_LOW,,,,,"Muffled party: bass, laughter, a car door",LAUREN: They're doing it again. | MILES: It's Friday.,"Outside, distantly: music, and people laughing. A party two doors down.",,1433
SH0035,SC-04,TEASER,INT. WARD HOUSE / LIVING ROOM - EVENING,01:02:24:00,01:02:30:00,02:24,6,7,MED-2S,STATIC,40,MB,LIVING,WARM_LOW,,,,,,LAUREN: We should go over sometime. | MILES: Sure. | LAUREN: That's three sures tonight and you've meant zero of them. | MILES: I mean all of them equally.,,,1434
SH0036,SC-04,TEASER,INT. WARD HOUSE / LIVING ROOM - EVENING,01:02:30:00,01:02:34:00,02:30,4,5,MCU,STATIC,65,L,LIVING,WARM_LOW,,,,,,LAUREN: We're not from around here.,"LAUREN looks toward the window, and the noise, and the ordinary street.","PLANT P9. TITLE DROP, SIDEWAYS. Play it as a bored joke about the neighbours.",1435
SH0037,SC-04,TEASER,INT. WARD HOUSE / LIVING ROOM - EVENING,01:02:34:00,01:02:37:00,02:34,3,4,MCU,STATIC,65,M,LIVING,WARM_LOW,,,,,The party. Room tone. No score.,,MILES looks at her. A quarter of a second too long.,,1436
SH0038,SC-04,TEASER,INT. WARD HOUSE / LIVING ROOM - EVENING,01:02:37:00,01:02:42:00,02:37,5,6,MED-2S,STATIC,40,MB,LIVING,WARM_LOW,,,,,,LAUREN: Them. They're from Ohio. She tells everybody. | MILES: I know what you meant.,"She indicates the window, meaning the neighbours.",,1437
SH0039,SC-04,TEASER,INT. WARD HOUSE / LIVING ROOM - EVENING,01:02:42:00,01:02:45:00,02:42,3,4,MCU,STATIC,65,M,LIVING,WARM_LOW,,,,M01,,,MILES holds the look a beat longer than the joke needs. Then he looks away.,,1438
SH0040,SC-05,TEASER,INT. WARD HOUSE / FRONT DOOR - LATER,01:02:45:00,01:02:49:00,02:45,4,5,MED,STATIC,40,M,ENTRY,WARM_LOW,,,,,Deadbolt. Floorboard.,,MILES at the front door. He turns the deadbolt. Solid. Done. He takes two steps away.,,1539
SH0041,SC-05,TEASER,INT. WARD HOUSE / FRONT DOOR - LATER,01:02:49:00,01:02:54:00,02:49,5,6,CU,STATIC,65,M,ENTRY,WARM_LOW,,,,,"Deadbolt, second time. His breath.",,He comes back and turns it again. Then tests it with the flat of his palm.,PLANT P6.,1540
SH0042,SC-05,TEASER,INT. WARD HOUSE / FRONT DOOR - LATER,01:02:54:00,01:03:00:00,02:54,6,7,MED,SLOW PUSH,50,M,ENTRY,WARM_LOW,,,,M01,,,"He leans in to the narrow window beside the door and looks down the street. Left. Then right. Then back to the left, and holds there, longer.",PLANT P6. Log this exact sightline; SC-20 uses it.,1541
SH0043,SC-05,TEASER,INT. WARD HOUSE / FRONT DOOR - LATER,01:03:00:00,01:03:05:00,03:00,5,6,MED,STATIC,50,L,HALL,WARM_LOW,,,,,,,LAUREN in the hall behind him with a glass of water. She says nothing. She has watched him do this a thousand times.,,1542
SH0044,SC-05,TEASER,INT. WARD HOUSE / FRONT DOOR - LATER,01:03:05:00,01:03:11:00,03:05,6,7,MED-TRACK,TRACK,40,L,HALL,WARM_LOW,,,,M01,,,"She turns back toward the kitchen. As she passes the wall, the camera drifts off her and finds a cheap hardware-store calendar. One date circled in blue ballpoint. Nothing written in the square. She goes past without looking at it - which is its own kind of looking.",PLANT P7. The circled date is 14 October. Pays off SC-14.,1543
SH0045,SC-06,TEASER,INT. WARD HOUSE / LIVING ROOM & FRONT DOOR - CONTINUOUS,01:03:11:00,01:03:16:00,03:11,5,6,WIDE-2S,STATIC,35,MB,LIVING,WARM_LOW,,,,M01,"Television low. Rain begins, very light, on the window.",,"The living room. The film plays. Lauren settles. Miles comes in and sits. For a moment, nothing at all: a warm room and two people in it.",,1644
SH0046,SC-06,TEASER,INT. WARD HOUSE / LIVING ROOM & FRONT DOOR - CONTINUOUS,01:03:16:00,01:03:19:00,03:16,3,3,MED-2S,STATIC,40,MB,LIVING,WARM_LOW,,,,,DING-DONG. Loud in the mix. One of only two loud sounds in the episode.,,THE DOORBELL. Neither of them moves.,,1645
SH0047,SC-06,TEASER,INT. WARD HOUSE / LIVING ROOM & FRONT DOOR - CONTINUOUS,01:03:19:00,01:03:26:00,03:19,7,8,MED-2S,STATIC,40,MB,LIVING,WARM_LOW,,,,M03,,LAUREN: Did you order something? | MILES: No. | MILES: Did you? | LAUREN: No.,They look at each other. The pause after the second question is far longer than the question deserves.,,1646
SH0048,SC-06,TEASER,INT. WARD HOUSE / LIVING ROOM & FRONT DOOR - CONTINUOUS,01:03:26:00,01:03:30:00,03:26,4,5,MED,HANDHELD-SUBTLE,35,M,ENTRY,WARM_LOW,,,,M03,Chain. Deadbolt. Door seal. Night air and rain.,,MILES unlocks and opens the door on the chain first. Then all the way.,,1647
SH0049,SC-06,TEASER,INT. WARD HOUSE / LIVING ROOM & FRONT DOOR - CONTINUOUS,01:03:30:00,01:03:37:00,03:30,7,8,WIDE-POV,SLOW PUSH,28,NONE,PORCH,STREET_NIGHT,Y,,,,"Rain. The party, two doors down, still going.",,"MILES' POV: the porch is empty. The street is empty. The mat is dark with rain. On the mat, dead centre and squared perfectly to the edge of the step, sits a small brown box.",The box's placement is unnaturally precise. Square it to the step with a set square.,1648
SH0050,TITLE,TITLE,MAIN TITLE,01:03:37:00,01:03:57:00,03:37,20,20,TITLE,STATIC,0,NONE,PALE,PALE_FLAT,,,,M02,One tone. Then nothing.,,"Black. A single low sustained tone, unresolved, more felt than heard. The main title resolves out of the black letter by letter in thin, wide-tracked type: WE'RE FROM THE FUTURE. The tone stops. The card holds three seconds in total silence. Then it is gone.",No stinger. No whoosh. The absence of an impact is the statement.,9049
SH0051,SC-07,ACT ONE,INT. WARD HOUSE / ENTRY - NIGHT,01:03:57:00,01:04:04:00,03:57,7,8,WIDE,STATIC,35,MB,ENTRY,WARM_LOW,Y,,,M03,Rain outside. The house very quiet.,,"The entry hall. The box sits on the floor where Miles set it down. Neither of them has come closer than four feet. It is small, brown, unbranded, and utterly ordinary, which is the problem.",,1750
SH0052,SC-07,ACT ONE,INT. WARD HOUSE / ENTRY - NIGHT,01:04:04:00,01:04:07:00,04:04,3,4,MCU,STATIC,50,M,ENTRY,WARM_LOW,,,,,,MILES: Don't touch it.,MILES.,,1751
SH0053,SC-07,ACT ONE,INT. WARD HOUSE / ENTRY - NIGHT,01:04:07:00,01:04:12:00,04:07,5,6,MED,STATIC,40,L,ENTRY,WARM_LOW,Y,,,,,LAUREN: It's dry.,LAUREN is already crouched beside it with her palm flat on the top. She always touches first. It is the whole character.,CHARACTER-CRITICAL: she has touched it before he finished the sentence.,1752
SH0054,SC-07,ACT ONE,INT. WARD HOUSE / ENTRY - NIGHT,01:04:12:00,01:04:19:00,04:12,7,8,MED-2S,STATIC,40,MB,ENTRY,WARM_LOW,Y,,,,,MILES: What? | LAUREN: It rained. The mat's soaked through. This is dry.,,,1753
SH0055,SC-07,ACT ONE,INT. WARD HOUSE / ENTRY - NIGHT,01:04:19:00,01:04:25:00,04:19,6,7,ECU-INSERT,SLOW PUSH,100,NONE,ENTRY,WARM_LOW,Y,,,,,"LAUREN: And the corners are perfect. Miles, look at the corners.","Her thumb travels along an edge of the box. Every corner is sharp. No crush, no scuff, no thumbprint, no depot smear. It does not look like a thing that has been anywhere.",,1754
SH0056,SC-07,ACT ONE,INT. WARD HOUSE / ENTRY - NIGHT,01:04:25:00,01:04:31:00,04:25,6,7,MED-2S,SLOW PUSH,40,MB,ENTRY,WARM_LOW,Y,,,M03,"Rain. Refrigerator, distantly.",,He crouches beside her. Looks. Says nothing at all.,,1755
SH0057,SC-08,ACT ONE,INT. WARD HOUSE / KITCHEN - NIGHT,01:04:31:00,01:04:36:00,04:31,5,6,WIDE-2S,STATIC,35,MB,KITCHEN,KITCHEN_OVERHEAD,Y,,,M03,,,"The kitchen. They have put the box under the overhead light, on the table, on a folded tea towel - an absurd, careful, entirely domestic instinct.",,1856
SH0058,SC-08,ACT ONE,INT. WARD HOUSE / KITCHEN - NIGHT,01:04:36:00,01:04:40:00,04:36,4,5,MED,STATIC,50,L,KITCHEN,KITCHEN_OVERHEAD,Y,,,,,,LAUREN turns the box. On one face: a label.,,1857
SH0059,SC-08,ACT ONE,INT. WARD HOUSE / KITCHEN - NIGHT,01:04:40:00,01:04:50:00,04:40,10,12,ECU-INSERT,SLOW PUSH,100,NONE,KITCHEN,KITCHEN_OVERHEAD,Y,,,,,,"THE LABEL. White, printed, correct in every visual respect and wrong in every specific one. Their address. No sender. No carrier name, no logo, no service class. There is a barcode - or rather, the SHAPE of a barcode: the bars do not repeat the way bars repeat.",Typography must be plausible at a glance and unreadable as a system on inspection.,1858
SH0060,SC-08,ACT ONE,INT. WARD HOUSE / KITCHEN - NIGHT,01:04:50:00,01:04:55:00,04:50,5,6,MED-2S,STATIC,40,MB,KITCHEN,KITCHEN_OVERHEAD,Y,,,,,LAUREN: There's no company on it. | MILES: There's a barcode. | LAUREN: There's a barcode shape.,,,1859
SH0061,SC-08,ACT ONE,INT. WARD HOUSE / KITCHEN - NIGHT,01:04:55:00,01:05:03:00,04:55,8,9,ECU-INSERT,SLOW PUSH,100,NONE,KITCHEN,KITCHEN_OVERHEAD,Y,,,M03,,,"Lower on the label, in blue ballpoint, in a small neat hand: '1 of 1', and a six-digit consignment number. The seven in it is crossed.",PAYOFF P3. The audience has seen her abort this exact stroke 5 minutes ago. Hold on the crossbar.,1860
SH0062,SC-08,ACT ONE,INT. WARD HOUSE / KITCHEN - NIGHT,01:05:03:00,01:05:10:00,05:03,7,8,CU,SLOW PUSH,75,L,KITCHEN,KITCHEN_OVERHEAD,,,,M04,Score out. Refrigerator hum only.,,LAUREN leans closer. Her eyes travel down to the handwritten line. And she stops. Everything about her stops.,,1861
SH0063,SC-08,ACT ONE,INT. WARD HOUSE / KITCHEN - NIGHT,01:05:10:00,01:05:18:00,05:10,8,9,MED-2S,STATIC,40,MB,KITCHEN,KITCHEN_OVERHEAD,,,,,,MILES: What? | LAUREN: Nothing. | MILES: Lauren. | LAUREN: It's nothing.,,,1862
SH0064,SC-08,ACT ONE,INT. WARD HOUSE / KITCHEN - NIGHT,01:05:18:00,01:05:24:00,05:18,6,7,CU-INSERT,STATIC,100,NONE,KITCHEN,KITCHEN_OVERHEAD,Y,,,,,,She puts her hand flat over the bottom of the label. Which is not nothing.,"First lie of the night, and it is HERS. Small, and it matters.",1863
SH0065,SC-08,ACT ONE,INT. WARD HOUSE / KITCHEN - NIGHT,01:05:24:00,01:05:28:00,05:24,4,5,MCU,STATIC,65,M,KITCHEN,KITCHEN_OVERHEAD,,,,,,,MILES watches her hand. He does not ask again.,,1864
SH0066,SC-08,ACT ONE,INT. WARD HOUSE / KITCHEN - NIGHT,01:05:28:00,01:05:35:00,05:28,7,8,MED,STATIC,40,M,KITCHEN,KITCHEN_OVERHEAD,,,,,,MILES: We put it in the car. We drive out to the county road. We leave it.,"MILES, flat, already planning.",,1865
SH0067,SC-08,ACT ONE,INT. WARD HOUSE / KITCHEN - NIGHT,01:05:35:00,01:05:41:00,05:35,6,7,MED-2S,STATIC,40,MB,KITCHEN,KITCHEN_OVERHEAD,,,,,,LAUREN: And then what. | MILES: Then it's somewhere else. | LAUREN: Then it's somewhere else and we come home to this house. Which somebody stood in front of.,,,1866
SH0068,SC-08,ACT ONE,INT. WARD HOUSE / KITCHEN - NIGHT,01:05:41:00,01:05:45:00,05:41,4,5,MCU,STATIC,65,M,KITCHEN,KITCHEN_OVERHEAD,,,,,,,He has nothing.,,1867
SH0069,SC-08,ACT ONE,INT. WARD HOUSE / KITCHEN - NIGHT,01:05:45:00,01:05:52:00,05:45,7,8,MCU,SLOW PUSH,65,L,KITCHEN,KITCHEN_OVERHEAD,,,,,,"LAUREN: If someone knows where we live, then the box is the least interesting thing that happened tonight.","LAUREN, reasonable, which is worse.",,1868
SH0070,SC-08,ACT ONE,INT. WARD HOUSE / KITCHEN - NIGHT,01:05:52:00,01:06:00:00,05:52,8,9,WIDE-2S,STATIC,35,MB,KITCHEN,KITCHEN_OVERHEAD,,,,M04,Compressor kicks in. Rain on glass. Nothing else.,,A long moment. The refrigerator cycles on. Rain restarts against the window over the sink.,Silence #2. Three full seconds with no dialogue and no score.,1869
SH0071,SC-08,ACT ONE,INT. WARD HOUSE / KITCHEN - NIGHT,01:06:00:00,01:06:09:00,06:00,9,10,MED-2S,STATIC,40,MB,KITCHEN,KITCHEN_OVERHEAD,,,,,,MILES: Okay. | LAUREN: Okay? | MILES: We open it. And then we talk. Properly. Not the version where you ask and I say it's fine.,,,1870
SH0072,SC-08,ACT ONE,INT. WARD HOUSE / KITCHEN - NIGHT,01:06:09:00,01:06:14:00,06:09,5,6,MCU,STATIC,65,L,KITCHEN,KITCHEN_OVERHEAD,,,,,,LAUREN: Okay.,"LAUREN, softer than she was.",,1871
SH0073,SC-08,ACT ONE,INT. WARD HOUSE / KITCHEN - NIGHT,01:06:14:00,01:06:18:00,06:14,4,5,CU-INSERT,STATIC,100,NONE,KITCHEN,KITCHEN_OVERHEAD,,,,,Steel leaving wood.,,She takes a knife from the block. The good one.,,1872
SH0074,SC-08,ACT ONE,INT. WARD HOUSE / KITCHEN - NIGHT,01:06:18:00,01:06:24:00,06:18,6,7,ECU-INSERT,STATIC,100,NONE,KITCHEN,KITCHEN_OVERHEAD,Y,,,M03,"Tape parting - foregrounded, close-mic'd, almost too loud.",,The blade goes through the tape. It is a small sound and it is enormous.,,1873
SH0075,SC-08,ACT ONE,INT. WARD HOUSE / KITCHEN - NIGHT,01:06:24:00,01:06:33:00,06:24,9,10,MED-2S,SLOW PUSH,40,MB,KITCHEN,KITCHEN_OVERHEAD,Y,,,M03,"Layered domestic: compressor, rain, distant traffic, tape.",,She cuts the second seam. The third. Nobody speaks. The refrigerator hums. Rain. A car two streets over.,Silence #3. The longest held quiet in Act One.,1874
SH0076,SC-08,ACT ONE,INT. WARD HOUSE / KITCHEN - NIGHT,01:06:33:00,01:06:36:00,06:33,3,4,MED-2S,STATIC,40,MB,KITCHEN,KITCHEN_OVERHEAD,,,,,CHIRP. Two startled breaths. Two bad laughs.,MILES: Battery. | LAUREN: Tomorrow.,"CHIRP. They both flinch, hard - and then immediately laugh at themselves, badly, with far too much air in it.","PAYOFF P5, first stage. The joke version. SC-17 is the other one.",1875
SH0077,SC-09,ACT ONE,INT. WARD HOUSE / KITCHEN - CONTINUOUS,01:06:36:00,01:06:41:00,06:36,5,6,MED,STATIC,50,L,KITCHEN,KITCHEN_OVERHEAD,Y,,,M03,Cardboard.,,She opens the flaps.,,1976
SH0078,SC-09,ACT ONE,INT. WARD HOUSE / KITCHEN - CONTINUOUS,01:06:41:00,01:06:50:00,06:41,9,10,ECU-INSERT,SLOW PUSH,100,NONE,KITCHEN,KITCHEN_OVERHEAD,Y,,,,,,"Inside: grey foam, cut to shape. No packing slip, no manual, no plastic, no desiccant. Set into the foam, flat, is the LEAF.","HERO REVEAL. It must not read as a tablet. No frame, no bezel, nothing.",1977
SH0079,SC-09,ACT ONE,INT. WARD HOUSE / KITCHEN - CONTINUOUS,01:06:50:00,01:06:57:00,06:50,7,8,MED-2S,STATIC,40,MB,KITCHEN,KITCHEN_OVERHEAD,Y,,,M04,Score out. Refrigerator. Rain.,,Neither of them says anything for a while. It does not look futuristic. It looks finished.,,1978
SH0080,SC-09,ACT ONE,INT. WARD HOUSE / KITCHEN - CONTINUOUS,01:06:57:00,01:07:00:00,06:57,3,4,MCU,STATIC,65,M,KITCHEN,KITCHEN_OVERHEAD,,,,,,MILES: Don't.,"MILES, quietly.",,1979
SH0081,SC-09,ACT ONE,INT. WARD HOUSE / KITCHEN - CONTINUOUS,01:07:00:00,01:07:06:00,07:00,6,7,MED,HANDHELD-SUBTLE,40,L,KITCHEN,KITCHEN_OVERHEAD,Y,,,,,"LAUREN: It's heavy. | MILES: It's a screen. | LAUREN: No - Miles, hold it.",LAUREN lifts it out of the foam. Two hands.,,1980
SH0082,SC-09,ACT ONE,INT. WARD HOUSE / KITCHEN - CONTINUOUS,01:07:06:00,01:07:13:00,07:06,7,8,CU,STATIC,75,M,KITCHEN,KITCHEN_OVERHEAD,Y,,,,,,"She holds it out. He takes it two-handed, the way you take something borrowed. It is far heavier than it should be.",,1981
SH0083,SC-09,ACT ONE,INT. WARD HOUSE / KITCHEN - CONTINUOUS,01:07:13:00,01:07:22:00,07:13,9,10,ECU-INSERT,SLOW PUSH,100,NONE,KITCHEN,KITCHEN_OVERHEAD,Y,,,M03,,MILES: It's moving. | LAUREN: What? | MILES: The weight's moving. Inside it.,"He adjusts his grip. He tilts the pane slowly. The MASS SHIFTS ACROSS IT - unhurried, a beat behind the motion, like a spirit level, like something settling.",DEVICE RULE 3. First impossible physical detail. Achieve in-camera if at all possible.,1982
SH0084,SC-09,ACT ONE,INT. WARD HOUSE / KITCHEN - CONTINUOUS,01:07:22:00,01:07:27:00,07:22,5,6,MED,STATIC,40,M,KITCHEN,KITCHEN_OVERHEAD,Y,,,,,,"He sets it down flat on the table. Carefully. He takes his hand off, then puts two fingers back on it.",,1983
SH0085,SC-09,ACT ONE,INT. WARD HOUSE / KITCHEN - CONTINUOUS,01:07:27:00,01:07:35:00,07:27,8,9,MED-2S,STATIC,40,MB,KITCHEN,KITCHEN_OVERHEAD,Y,,,,,MILES: It's cold. | LAUREN: It's warm.,"She slides her hand underneath, palm up, against the other face.","DEVICE RULE 4: inverted temperature. Cold toward the room, warm away from it.",1984
SH0086,SC-09,ACT ONE,INT. WARD HOUSE / KITCHEN - CONTINUOUS,01:07:35:00,01:07:39:00,07:35,4,5,CU-2S,STATIC,75,MB,KITCHEN,KITCHEN_OVERHEAD,,,,M03,,,They look at each other.,,1985
SH0087,SC-09,ACT ONE,INT. WARD HOUSE / KITCHEN - CONTINUOUS,01:07:39:00,01:07:49:00,07:39,10,12,ECU-INSERT,STATIC,100,NONE,KITCHEN,KITCHEN_OVERHEAD,Y,,,,,LAUREN: It's warm on the bottom. | MILES: It was warm on the bottom before. | LAUREN: Miles. That's a different side.,Miles turns the pane over and sets it down again. Lauren touches the top face. Then the underside.,,1986
SH0088,SC-09,ACT ONE,INT. WARD HOUSE / KITCHEN - CONTINUOUS,01:07:49:00,01:07:56:00,07:49,7,8,MED,SLOW PUSH,50,L,KITCHEN,KITCHEN_OVERHEAD,,,,M03,,,"LAUREN sits down. Slowly. Not because she is frightened - because she is thinking, and thinking is what she does with her whole body.",,1987
SH0089,SC-09,ACT ONE,INT. WARD HOUSE / KITCHEN - CONTINUOUS,01:07:56:00,01:08:04:00,07:56,8,9,ECU-INSERT,SLOW PUSH,100,NONE,KITCHEN,KITCHEN_OVERHEAD,Y,,,,,,"The kitchen is held in the pane. Dimly. The lamp, the cabinets, the shape of her own shoulder.",,1988
SH0090,SC-09,ACT ONE,INT. WARD HOUSE / KITCHEN - CONTINUOUS,01:08:04:00,01:08:16:00,08:04,12,12,ECU-INSERT,STATIC,100,NONE,KITCHEN,KITCHEN_OVERHEAD,Y,,,M03,,,"She raises her hand. The hand in the pane raises - LATE. She lowers it. Raises it again, watching. Down. Up. And the reflection comes with her, a half-beat behind, every time, smooth and unbothered.",DEVICE RULE 2 - THE KEY IMAGE OF THE EPISODE. Exactly 0.5s lag. It is not reflecting. It is rendering.,1989
SH0091,SC-09,ACT ONE,INT. WARD HOUSE / KITCHEN - CONTINUOUS,01:08:16:00,01:08:23:00,08:16,7,8,MED-2S,STATIC,40,MB,KITCHEN,KITCHEN_OVERHEAD,Y,,,,,"LAUREN: Miles. | MILES: I see it. | LAUREN: Look at my hand. | MILES: I see it, Lauren.",,,1990
SH0092,SC-09,ACT ONE,INT. WARD HOUSE / KITCHEN - CONTINUOUS,01:08:23:00,01:08:28:00,08:23,5,6,CU,STATIC,75,L,KITCHEN,KITCHEN_OVERHEAD,,,,,,,His voice has changed. Flattened. She looks up at him.,,1991
SH0093,SC-09,ACT ONE,INT. WARD HOUSE / KITCHEN - CONTINUOUS,01:08:28:00,01:08:37:00,08:28,9,10,MCU,SLOW PUSH,65,M,KITCHEN,KITCHEN_OVERHEAD,,,,M04,Score out entirely.,,MILES has stopped moving. Completely. Both hands flat on the table. He is not looking at her. He is looking at the pane the way a man looks at a name on a list.,"CHARACTER-CRITICAL: Miles gets MORE still under fear, never less.",1992
SH0094,SC-09,ACT ONE,INT. WARD HOUSE / KITCHEN - CONTINUOUS,01:08:37:00,01:08:40:00,08:37,3,4,CU,STATIC,75,L,KITCHEN,KITCHEN_OVERHEAD,,,,,,LAUREN: Hey.,LAUREN.,,1993
SH0095,SC-09,ACT ONE,INT. WARD HOUSE / KITCHEN - CONTINUOUS,01:08:40:00,01:08:43:00,08:40,3,4,MCU,STATIC,65,M,KITCHEN,KITCHEN_OVERHEAD,,,,,Refrigerator. Rain. A held nothing.,,Nothing. He does not hear her.,,1994
SH0096,SC-09,ACT ONE,INT. WARD HOUSE / KITCHEN - CONTINUOUS,01:08:43:00,01:08:46:00,08:43,3,3,ECU-INSERT,STATIC,100,NONE,KITCHEN,KITCHEN_OVERHEAD,Y,,,,No sound at all. The absence is the effect.,,"THE PANE WAKES. Not an image, not a menu, not a logo. AN EYE - filling the whole surface. Wet. Living. Human. The pupil contracts fractionally in the lamplight. It blinks once. DARK.","Under one second on screen. The iris texture must be photographic. Not stylised, not glowing.",1995
SH0097,SC-09,ACT ONE,INT. WARD HOUSE / KITCHEN - CONTINUOUS,01:08:46:00,01:08:52:00,08:46,6,7,MED-2S,STATIC,40,MB,KITCHEN,KITCHEN_OVERHEAD,Y,,,M04,,,"The refrigerator hums. Lauren stares at the dead pane. Then, slowly, up at her husband.",,1996
SH0098,SC-09,ACT ONE,INT. WARD HOUSE / KITCHEN - CONTINUOUS,01:08:52:00,01:08:59:00,08:52,7,8,CU,SLOW PUSH,75,M,KITCHEN,KITCHEN_OVERHEAD,,,,,,,"MILES has gone white. Absolutely white, from the collar up.","The act-out is on his FACE, not on the device. This is a show about people.",1997
SH0099,SC-09,ACT ONE,INT. WARD HOUSE / KITCHEN - CONTINUOUS,01:08:59:00,01:09:07:00,08:59,8,9,CU,STATIC,75,L,KITCHEN,KITCHEN_OVERHEAD,,,,,,LAUREN: Miles? | LAUREN: You know what that is.,"LAUREN, watching him understand something.",,1998
SH0100,SC-09,ACT ONE,INT. WARD HOUSE / KITCHEN - CONTINUOUS,01:09:07:00,01:09:10:00,09:07,3,4,MCU,STATIC,65,M,KITCHEN,KITCHEN_OVERHEAD,,,,,Hard cut to absolute silence.,,He does not answer. SMASH TO BLACK.,,1999
SH0101,SC-10,ACT TWO,INT. WARD HOUSE / KITCHEN - CONTINUOUS,01:09:10:00,01:09:16:00,09:10,6,7,MED,HANDHELD-SUBTLE,35,M,KITCHEN,KITCHEN_OVERHEAD,Y,,,M05,,MILES: It's a display unit. It's a demo. Somebody's testing a-,"MILES moves, fast. He has the box in one hand and is reaching for the pane with the other.",,2100
SH0102,SC-10,ACT TWO,INT. WARD HOUSE / KITCHEN - CONTINUOUS,01:09:16:00,01:09:23:00,09:16,7,8,MED-2S,HANDHELD-SUBTLE,40,MB,KITCHEN,KITCHEN_OVERHEAD,Y,,,,,"LAUREN: Miles. | MILES: -there's a cell in it, a printed cell, they do that now, it holds a charge for- | LAUREN: Miles.",,,2101
SH0103,SC-10,ACT TWO,INT. WARD HOUSE / KITCHEN - CONTINUOUS,01:09:23:00,01:09:27:00,09:23,4,5,MCU,STATIC,65,M,KITCHEN,KITCHEN_OVERHEAD,Y,,,,Score out on the stop.,,"He stops, one hand over the pane.",,2102
SH0104,SC-10,ACT TWO,INT. WARD HOUSE / KITCHEN - CONTINUOUS,01:09:27:00,01:09:31:00,09:27,4,5,CU,STATIC,75,L,KITCHEN,KITCHEN_OVERHEAD,,,,,,LAUREN: You didn't jump.,LAUREN.,,2103
SH0105,SC-10,ACT TWO,INT. WARD HOUSE / KITCHEN - CONTINUOUS,01:09:31:00,01:09:34:00,09:31,3,4,MCU,STATIC,65,M,KITCHEN,KITCHEN_OVERHEAD,,,,,,MILES: What?,,,2104
SH0106,SC-10,ACT TWO,INT. WARD HOUSE / KITCHEN - CONTINUOUS,01:09:34:00,01:09:42:00,09:34,8,9,CU,SLOW PUSH,75,L,KITCHEN,KITCHEN_OVERHEAD,,,,,,LAUREN: It turned on. In our kitchen. In the middle of the night. And you didn't jump.,,,2105
SH0107,SC-10,ACT TWO,INT. WARD HOUSE / KITCHEN - CONTINUOUS,01:09:42:00,01:09:51:00,09:42,9,11,MED-2S,STATIC,40,MB,KITCHEN,KITCHEN_OVERHEAD,,,,,,LAUREN: I jumped. The smoke alarm made me jump. | LAUREN: That thing opened an eye at me and you stood there like you were reading a bill.,,,2106
SH0108,SC-10,ACT TWO,INT. WARD HOUSE / KITCHEN - CONTINUOUS,01:09:51:00,01:09:56:00,09:51,5,6,MED,HANDHELD-SUBTLE,40,M,KITCHEN,KITCHEN_OVERHEAD,Y,,,,,MILES: I'm putting it in the car. | LAUREN: No. | MILES: Lauren- | LAUREN: No.,,,2107
SH0109,SC-10,ACT TWO,INT. WARD HOUSE / KITCHEN - CONTINUOUS,01:09:56:00,01:10:05:00,09:56,9,10,MED-2S,STATIC,40,MB,KITCHEN,KITCHEN_OVERHEAD,Y,,,M05,,,She does not raise her voice. She puts one hand flat on the pane and leaves it there and looks at him. He could move her. They both know he could move her. He does not.,"BLOCKING-CRITICAL: her hand on the device, his hand withdrawn. The marriage in one frame.",2108
SH0110,SC-10,ACT TWO,INT. WARD HOUSE / KITCHEN - CONTINUOUS,01:10:05:00,01:10:10:00,10:05,5,6,MCU,STATIC,65,M,KITCHEN,KITCHEN_OVERHEAD,,,,,,MILES: We agreed. | LAUREN: We didn't agree to this.,,,2109
SH0111,SC-10,ACT TWO,INT. WARD HOUSE / KITCHEN - CONTINUOUS,01:10:10:00,01:10:18:00,10:10,8,9,MCU,HANDHELD-SUBTLE,65,M,KITCHEN,KITCHEN_OVERHEAD,,,,,,"MILES: We agreed that if anything ever came near us we don't pick it up, we don't turn it over, we don't keep it in the house-",,,2110
SH0112,SC-10,ACT TWO,INT. WARD HOUSE / KITCHEN - CONTINUOUS,01:10:18:00,01:10:24:00,10:18,6,7,CU,HANDHELD-SUBTLE,75,L,KITCHEN,KITCHEN_OVERHEAD,,,,,,LAUREN: That is not what we agreed. | MILES: It is exactly- | LAUREN: We agreed we wouldn't go looking!,,First raised voice of the episode. It is hers. It lasts one line.,2111
SH0113,SC-10,ACT TWO,INT. WARD HOUSE / KITCHEN - CONTINUOUS,01:10:24:00,01:10:30:00,10:24,6,7,MED-2S,STATIC,40,MB,KITCHEN,KITCHEN_OVERHEAD,,,,,Refrigerator. Rain. Score out.,LAUREN: Nobody ever said what to do when it comes to the door.,"Back down, immediately.",,2112
SH0114,SC-10,ACT TWO,INT. WARD HOUSE / KITCHEN - CONTINUOUS,01:10:30:00,01:10:35:00,10:30,5,6,MCU,STATIC,65,M,KITCHEN,KITCHEN_OVERHEAD,,,,M05,,MILES: Don't be found.,"MILES, very quiet.",,2113
SH0115,SC-10,ACT TWO,INT. WARD HOUSE / KITCHEN - CONTINUOUS,01:10:35:00,01:10:45:00,10:35,10,12,CU,SLOW PUSH,75,L,KITCHEN,KITCHEN_OVERHEAD,,,,,,LAUREN: Don't be found. Don't be recorded. Don't go back. Don't answer. Don't send anything forward.,"LAUREN says it flat and fast, without effort, the way you say a thing you have said ten thousand times.","THE TERMS, first full statement. Never explained. Never labelled. Delivered as recitation, not exposition.",2114
SH0116,SC-10,ACT TWO,INT. WARD HOUSE / KITCHEN - CONTINUOUS,01:10:45:00,01:10:54:00,10:45,9,11,CU,STATIC,75,L,KITCHEN,KITCHEN_OVERHEAD,,,,,,"LAUREN: I know them, Miles. I say them at three in the morning. In order. Every night. Have done for six years.",,PLANT: the double repeats this back to her in SC-11. Place it cleanly.,2115
SH0117,SC-10,ACT TWO,INT. WARD HOUSE / KITCHEN - CONTINUOUS,01:10:54:00,01:10:59:00,10:54,5,6,MCU,STATIC,65,M,KITCHEN,KITCHEN_OVERHEAD,,,,,,MILES: Six years.,Something crosses him.,,2116
SH0118,SC-10,ACT TWO,INT. WARD HOUSE / KITCHEN - CONTINUOUS,01:10:59:00,01:11:09:00,10:59,10,12,CU,HANDHELD-SUBTLE,75,L,KITCHEN,KITCHEN_OVERHEAD,,,,,,"LAUREN: Six years and four months, and we have not said one word about any of it out loud in this house, and I have kept that. | LAUREN: I kept it because you asked me to.",,,2117
SH0119,SC-10,ACT TWO,INT. WARD HOUSE / KITCHEN - CONTINUOUS,01:11:09:00,01:11:15:00,11:09,6,7,MED-2S,STATIC,40,MB,KITCHEN,KITCHEN_OVERHEAD,Y,,,,,LAUREN: So don't tell me what we agreed.,She takes her hand off the pane.,,2118
SH0120,SC-10,ACT TWO,INT. WARD HOUSE / KITCHEN - CONTINUOUS,01:11:15:00,01:11:22:00,11:15,7,8,MED,TRACK,40,L,KITCHEN,KITCHEN_OVERHEAD,Y,,,M05,,MILES: Where are you going. | LAUREN: I'm putting it on the table where we can see it. | MILES: Don't put it down.,"She picks the leaf up. Both hands, careful, like a tray.",,2119
SH0121,SC-11,ACT TWO,INT. WARD HOUSE / LIVING ROOM - CONTINUOUS,01:11:22:00,01:11:28:00,11:22,6,7,WIDE,STATIC,35,L,LIVING,WARM_LOW,Y,,,,Pane on wood. Couch. Rain.,,"She puts it down. Flat on the coffee table, dead centre. She sits back on the couch.",,2220
SH0122,SC-11,ACT TWO,INT. WARD HOUSE / LIVING ROOM - CONTINUOUS,01:11:28:00,01:11:36:00,11:28,8,9,WIDE-2S,STATIC,35,MB,LIVING,WARM_LOW,Y,,,,,,"MILES stays standing in the doorway - which is exactly between Lauren and the front hall, and he does not appear to know he has done that. The television is still on, sound low. Nobody is watching it.",BLOCKING: ninth instance of Miles interposing himself. Never remarked on.,2221
SH0123,SC-11,ACT TWO,INT. WARD HOUSE / LIVING ROOM - CONTINUOUS,01:11:36:00,01:11:45:00,11:36,9,10,MED-2S,STATIC,40,MB,LIVING,WARM_LOW,Y,,,M05,"Television, low and indistinct. Rain. Room tone.",,Nothing happens. Nothing keeps happening. Lauren pulls a cushion into her lap. Miles shifts his weight.,Silence #4. Let it get uncomfortable. The audience must start to relax.,2222
SH0124,SC-11,ACT TWO,INT. WARD HOUSE / LIVING ROOM - CONTINUOUS,01:11:45:00,01:11:48:00,11:45,3,3,MCU,STATIC,65,M,LIVING,WARM_LOW,,,,,,MILES: This is-,,,2223
SH0125,SC-11,ACT TWO,INT. WARD HOUSE / LIVING ROOM - CONTINUOUS,01:11:48:00,01:11:52:00,11:48,4,5,WIDE-2S,STATIC,35,MB,LIVING,MIXED,Y,,,M06,Absolute silence on the wake. Even the television seems to recede.,,"THE LEAF WAKES. No sound, no boot, no logo. The light simply arrives, and it is on their faces. Miles goes silent mid-word.",LIGHTING TURN: from here the cold pane is a light source in every living-room shot.,2224
SH0126,SC-11,ACT TWO,INT. WARD HOUSE / LIVING ROOM - CONTINUOUS,01:11:52:00,01:12:04:00,11:52,12,12,ECU-INSERT,SLOW PUSH,100,D,LIVING,COLD_PANE,Y,,,M06,,,"ON THE PANE: a face in darkness, lit from somewhere low and moving, so that light shifts across it slowly, as if from water. It is LAUREN'S FACE. Same age. Same eyes. Same mouth. Hair down and unstyled. A fine pale scar beneath the left eye, running back along the cheekbone. Old, well healed. She is absolutely still.",THE REVEAL. Not monstrous. Not aged. Correct - and too still. That is the entire effect.,2225
SH0127,SC-11,ACT TWO,INT. WARD HOUSE / LIVING ROOM - CONTINUOUS,01:12:04:00,01:12:09:00,12:04,5,6,CU,STATIC,75,L,LIVING,MIXED,,,,,Room tone. Rain. No score.,,LAUREN does not move. Neither does Miles.,,2226
SH0128,SC-11,ACT TWO,INT. WARD HOUSE / LIVING ROOM - CONTINUOUS,01:12:09:00,01:12:13:00,12:09,4,5,ECU-INSERT,STATIC,100,D,LIVING,COLD_PANE,Y,,,,,DOUBLE: Lauren.,,"VOICE: Lauren's instrument, flatter, slower, no smile in the timbre. NO BREATH before the line.",2227
SH0129,SC-11,ACT TWO,INT. WARD HOUSE / LIVING ROOM - CONTINUOUS,01:12:13:00,01:12:20:00,12:13,7,8,CU,SLOW PUSH,75,L,LIVING,MIXED,,,,M06,,,Lauren's hand has gone to her own mouth without her deciding to do it.,,2228
SH0130,SC-11,ACT TWO,INT. WARD HOUSE / LIVING ROOM - CONTINUOUS,01:12:20:00,01:12:25:00,12:20,5,6,ECU-INSERT,STATIC,100,D,LIVING,COLD_PANE,Y,,,,,DOUBLE: I know. Take a second.,,,2229
SH0131,SC-11,ACT TWO,INT. WARD HOUSE / LIVING ROOM - CONTINUOUS,01:12:25:00,01:12:28:00,12:25,3,4,CU,STATIC,75,L,LIVING,MIXED,,,,,,LAUREN: What is this.,,,2230
SH0132,SC-11,ACT TWO,INT. WARD HOUSE / LIVING ROOM - CONTINUOUS,01:12:28:00,01:12:37:00,12:28,9,10,ECU-INSERT,STATIC,100,D,LIVING,COLD_PANE,Y,,,,,"DOUBLE: You have a burn on the inside of your left wrist. Two inches, curved. | DOUBLE: You got it on a stove that isn't in this house.",,,2231
SH0133,SC-11,ACT TWO,INT. WARD HOUSE / LIVING ROOM - CONTINUOUS,01:12:37:00,01:12:42:00,12:37,5,6,CU-INSERT,STATIC,100,NONE,LIVING,MIXED,,,,,,,Lauren's other hand closes over her own left wrist.,,2232
SH0134,SC-11,ACT TWO,INT. WARD HOUSE / LIVING ROOM - CONTINUOUS,01:12:42:00,01:12:49:00,12:42,7,8,ECU-INSERT,SLOW PUSH,100,D,LIVING,COLD_PANE,Y,,,,,DOUBLE: You still say them at three in the morning. | DOUBLE: In order.,,PAYOFF: she said this two minutes ago in SC-10. Let the audience make the connection unaided.,2233
SH0135,SC-11,ACT TWO,INT. WARD HOUSE / LIVING ROOM - CONTINUOUS,01:12:49:00,01:12:54:00,12:49,5,6,CU,STATIC,75,L,LIVING,MIXED,,,,M06,One broken intake of breath. Nothing else.,,LAUREN makes a sound. Not a word.,,2234
SH0136,SC-11,ACT TWO,INT. WARD HOUSE / LIVING ROOM - CONTINUOUS,01:12:54:00,01:12:58:00,12:54,4,5,MED,HANDHELD-SUBTLE,40,M,LIVING,MIXED,,,,,,MILES: Who is this.,MILES takes one step into the room.,,2235
SH0137,SC-11,ACT TWO,INT. WARD HOUSE / LIVING ROOM - CONTINUOUS,01:12:58:00,01:13:05:00,12:58,7,8,ECU-INSERT,STATIC,100,D,LIVING,COLD_PANE,Y,,,,,,The face does not answer him. But she is looking at him. She has been looking at him this entire time.,THE DEEPEST REWATCH PAYLOAD. Her eyeline is on MILES in every shot. Never remarked on.,2236
SH0138,SC-11,ACT TWO,INT. WARD HOUSE / LIVING ROOM - CONTINUOUS,01:13:05:00,01:13:10:00,13:05,5,6,ECU-INSERT,STATIC,100,D,LIVING,COLD_PANE,Y,,,,,DOUBLE: You've been here too long.,To Lauren.,,2237
SH0139,SC-11,ACT TWO,INT. WARD HOUSE / LIVING ROOM - CONTINUOUS,01:13:10:00,01:13:13:00,13:10,3,4,CU,STATIC,75,L,LIVING,MIXED,,,,,,LAUREN: What?,,,2238
SH0140,SC-11,ACT TWO,INT. WARD HOUSE / LIVING ROOM - CONTINUOUS,01:13:13:00,01:13:22:00,13:13,9,11,ECU-INSERT,STATIC,100,D,LIVING,COLD_PANE,Y,,,,,"DOUBLE: It was supposed to be short. Somewhere to be, for a while. | DOUBLE: Six years isn't a while. It's started to hold.",,,2239
SH0141,SC-11,ACT TWO,INT. WARD HOUSE / LIVING ROOM - CONTINUOUS,01:13:22:00,01:13:30:00,13:22,8,9,MED-2S,STATIC,40,MB,LIVING,MIXED,Y,,,,,MILES: Hold- | DOUBLE: There's a correction. I don't know how far out it is. I don't think it's far.,She talks over him without hurrying.,,2240
SH0142,SC-11,ACT TWO,INT. WARD HOUSE / LIVING ROOM - CONTINUOUS,01:13:30:00,01:13:33:00,13:30,3,4,CU,STATIC,75,L,LIVING,MIXED,,,,,,LAUREN: A correction of what?,,,2241
SH0143,SC-11,ACT TWO,INT. WARD HOUSE / LIVING ROOM - CONTINUOUS,01:13:33:00,01:13:40:00,13:33,7,7,ECU-INSERT,SLOW PUSH,100,D,LIVING,COLD_PANE,Y,,,M06,,DOUBLE: Of the part where you stayed.,,Hold three seconds of silence after this line. It is the thesis of the season.,2242
SH0144,SC-11,ACT TWO,INT. WARD HOUSE / LIVING ROOM - CONTINUOUS,01:13:40:00,01:13:48:00,13:40,8,9,MED,HANDHELD,35,M,LIVING,MIXED,Y,,,,,,MILES crosses the room fast. He gets one hand flat on the pane - and stops. Because his hand is on it and nothing changes. The face keeps talking. He might as well have put his hand on a wall.,"DEVICE RULE 5: it does not respond to Miles. Established here, exploited by Lauren in SC-18.",2243
SH0145,SC-11,ACT TWO,INT. WARD HOUSE / LIVING ROOM - CONTINUOUS,01:13:48:00,01:13:56:00,13:48,8,9,ECU-INSERT,STATIC,100,D,LIVING,COLD_PANE,Y,,,,,"DOUBLE: Lauren, listen. There's a thing you need to not do, and I need you to hear it from me, because you won't hear it from-",,,2244
SH0146,SC-11,ACT TWO,INT. WARD HOUSE / LIVING ROOM - CONTINUOUS,01:13:56:00,01:14:00:00,13:56,4,5,CU,STATIC,75,L,LIVING,MIXED,,,,,,LAUREN: How do you have my face?,"LAUREN, cutting across her.",,2245
SH0147,SC-11,ACT TWO,INT. WARD HOUSE / LIVING ROOM - CONTINUOUS,01:14:00:00,01:14:07:00,14:00,7,8,ECU-INSERT,SLOW PUSH,100,D,LIVING,COLD_PANE,Y,,,M06,,DOUBLE: Because I-,"For the first time, the face hesitates. It is a small thing. Half a second. But it is the first human beat she has had, and it is horrible, because it means she is deciding what to say.",,2246
SH0148,SC-11,ACT TWO,INT. WARD HOUSE / LIVING ROOM - CONTINUOUS,01:14:07:00,01:14:10:00,14:07,3,4,INSERT-FOOTAGE,HANDHELD,24,MB,ELSEWHERE,DEGRADED,Y,,,,"Rain, distorted. Somebody off-frame shouting a name that is not Miles and is not Lauren.",,"THE FOOTAGE. Degraded, narrow, recovered-looking. Night, outdoors, hard rain in a hard light. MILES and LAUREN, older - not much, enough. Moving fast, not running: escorting, one holding the other up. Miles has blood in his hairline and down the side of his face. Behind them, badly out of focus and high up, a sodium-yellow SIGN with half a word legible.",UNDER FOUR SECONDS. Cut on movement. Never let a face resolve fully. The SIGN pays off in SC-18.,2247
SH0149,SC-11,ACT TWO,INT. WARD HOUSE / LIVING ROOM - CONTINUOUS,01:14:10:00,01:14:17:00,14:10,7,8,WIDE-2S,STATIC,35,MB,LIVING,TV_ONLY,Y,,,M06,Television. Rain. Nothing else.,,"BLACK. The pane is dead. The room is dark except for the television, still playing its old film to nobody. Neither of them moves.",Silence #5.,2248
SH0150,SC-11,ACT TWO,INT. WARD HOUSE / LIVING ROOM - CONTINUOUS,01:14:17:00,01:14:21:00,14:17,4,5,CU,STATIC,75,L,LIVING,TV_ONLY,,,,,,LAUREN: There was a sign.,,,2249
SH0151,SC-11,ACT TWO,INT. WARD HOUSE / LIVING ROOM - CONTINUOUS,01:14:21:00,01:14:24:00,14:21,3,4,MCU,STATIC,65,M,LIVING,TV_ONLY,,,,,,MILES: There wasn't.,,,2250
SH0152,SC-11,ACT TWO,INT. WARD HOUSE / LIVING ROOM - CONTINUOUS,01:14:24:00,01:14:31:00,14:24,7,8,MED-2S,STATIC,40,MB,LIVING,TV_ONLY,,,,,,"LAUREN: Behind us. Yellow. Up high. | MILES: Lauren, it was three seconds of- | LAUREN: There was a sign, Miles.",,,2251
SH0153,SC-11,ACT TWO,INT. WARD HOUSE / LIVING ROOM - CONTINUOUS,01:14:31:00,01:14:40:00,14:31,9,10,CU,SLOW PUSH,75,L,LIVING,TV_ONLY,,,,,,LAUREN: And you saw it. Because you stopped breathing.,She turns and looks at him properly for the first time since it started.,,2252
SH0154,SC-11,ACT TWO,INT. WARD HOUSE / LIVING ROOM - CONTINUOUS,01:14:40:00,01:14:50:00,14:40,10,12,MCU,STATIC,65,M,LIVING,TV_ONLY,,,,,"Rain. Television credits music, thin and far away.",,"He does not answer. He does not answer for a long time. Rain on the window. The film ends and the credits roll, silently, on a television nobody is watching.","Silence #6, and the longest in the act. Hold on his face until it is unbearable.",2253
SH0155,SC-11,ACT TWO,INT. WARD HOUSE / LIVING ROOM - CONTINUOUS,01:14:50:00,01:14:53:00,14:50,3,3,WIDE-2S,STATIC,35,MB,LIVING,TV_ONLY,,,,,CHIRP. Then a hard cut to absolute silence.,,CHIRP. Cut to black and total silence.,ACT OUT. The chirp is the last sound. No stinger.,2254
SH0156,SC-12,ACT THREE,INT. WARD HOUSE / VARIOUS - NIGHT,01:14:53:00,01:14:59:00,14:53,6,7,MED,STATIC,40,M,LIVING,WARM_LOW,Y,,,M07,Drawer runners. His breathing. Nothing else.,,No music. Almost no sound. Just a man working. MILES slides the pane face-down into the bottom drawer of the sideboard and shuts it.,,2355
SH0157,SC-12,ACT THREE,INT. WARD HOUSE / VARIOUS - NIGHT,01:14:59:00,01:15:06:00,14:59,7,8,ECU-INSERT,SLOW PUSH,100,NONE,LIVING,WARM_LOW,,,,M07,,,He stands there. Then he reaches out and touches the brass drawer pull. It is cold. He takes his hand back.,"Containment failure #1. No effect, no sound. A cold handle. That is all.",2356
SH0158,SC-12,ACT THREE,INT. WARD HOUSE / VARIOUS - NIGHT,01:15:06:00,01:15:13:00,15:06,7,8,MED,STATIC,40,M,KITCHEN,KITCHEN_OVERHEAD,Y,,,M07,,,"He puts it in a camping cooler. Clips the lid. Stands back. Then, slowly, he puts his palm flat on the lid. It is warm.",Containment failure #2.,2357
SH0159,SC-12,ACT THREE,INT. WARD HOUSE / VARIOUS - NIGHT,01:15:13:00,01:15:22:00,15:13,9,10,MED,HANDHELD-SUBTLE,35,M,HALL,WARM_LOW,,,,M07,Breaker. Then the entire sound bed of the house stops. This is the quietest moment in the episode.,,"He goes to the breaker panel in the hall closet and throws the main. The house dies - refrigerator, television, the lamp in the hall, all of it, gone at once.",,2358
SH0160,SC-12,ACT THREE,INT. WARD HOUSE / VARIOUS - NIGHT,01:15:22:00,01:15:32:00,15:22,10,12,WIDE,SLOW PUSH,28,M,LIVING,COLD_PANE,Y,,,M07,,,He comes back to the living room in the dark. The pane is lying on the coffee table where Lauren has put it back. It is glowing.,"Containment failure #3, and the reason the audience now believes the rules.",2359
SH0161,SC-13,ACT THREE,EXT. CEDAR ROW - NIGHT,01:15:32:00,01:15:45:00,15:32,13,15,XWIDE,STATIC,50,NONE,EXT_STREET,STREET_NIGHT,,,,M07,Rain. Party. A dog. Traffic on a main road four streets away.,,"The street. Every house has its lights on except one. A dog barks twice somewhere. A television flickers blue through a window. Two doors down the party is still going: laughter, a car door, somebody calling somebody else an idiot with enormous affection. The world is completely, insultingly fine.",The only exterior in Act Three. It exists to make the house smaller.,2460
SH0162,SC-14,ACT THREE,INT. WARD HOUSE / LIVING ROOM - NIGHT,01:15:45:00,01:15:53:00,15:45,8,9,WIDE-2S,STATIC,35,MB,LIVING,WARM_LOW,Y,,,M08,,,"Power back on, one lamp. LAUREN sits in the armchair facing the coffee table. She has put Miles's canvas jacket over the pane. She has not moved in a while. Miles comes in and stands.",,2561
SH0163,SC-14,ACT THREE,INT. WARD HOUSE / LIVING ROOM - NIGHT,01:15:53:00,01:16:02:00,15:53,9,10,MCU,STATIC,65,M,LIVING,WARM_LOW,,,,,,MILES: I know what it is. | MILES: Not who sent it. I don't know that. But I know what it is.,She does not look up.,,2562
SH0164,SC-14,ACT THREE,INT. WARD HOUSE / LIVING ROOM - NIGHT,01:16:02:00,01:16:09:00,16:02,7,8,CU,STATIC,75,L,LIVING,WARM_LOW,,,,,,LAUREN: You've seen one. | MILES: I've held one. | LAUREN: When?,,,2563
SH0165,SC-14,ACT THREE,INT. WARD HOUSE / LIVING ROOM - NIGHT,01:16:09:00,01:16:15:00,16:09,6,7,MCU,STATIC,65,M,LIVING,WARM_LOW,,,,M09,Lamp hum. Rain. Score out.,,He does not answer.,,2564
SH0166,SC-14,ACT THREE,INT. WARD HOUSE / LIVING ROOM - NIGHT,01:16:15:00,01:16:20:00,16:15,5,6,CU,STATIC,75,L,LIVING,WARM_LOW,,,,,,LAUREN: Okay. | LAUREN: Then here's the one I actually want.,"LAUREN, not being generous. Filing it.",,2565
SH0167,SC-14,ACT THREE,INT. WARD HOUSE / LIVING ROOM - NIGHT,01:16:20:00,01:16:31:00,16:20,11,13,CU,SLOW PUSH,75,L,LIVING,WARM_LOW,,,,,,"LAUREN: Why me? It knows my wrist. It knows what I do at three in the morning. | LAUREN: It's got my face, Miles. Why does it want me and not you?",She looks up.,,2566
SH0168,SC-14,ACT THREE,INT. WARD HOUSE / LIVING ROOM - NIGHT,01:16:31:00,01:16:39:00,16:31,8,9,MCU,STATIC,65,M,LIVING,WARM_LOW,,,,,,,Miles opens his mouth. Nothing comes out.,Silence #7.,2567
SH0169,SC-14,ACT THREE,INT. WARD HOUSE / LIVING ROOM - NIGHT,01:16:39:00,01:16:46:00,16:39,7,8,CU-INSERT,STATIC,100,NONE,LIVING,WARM_LOW,,,,,,,Lauren watches his hands go flat on the back of the couch. She has seen that before too.,"MILES'S TELL, established in the character bible. This is its first on-screen naming.",2568
SH0170,SC-14,ACT THREE,INT. WARD HOUSE / LIVING ROOM - NIGHT,01:16:46:00,01:16:53:00,16:46,7,8,MED,TRACK,40,L,LIVING,WARM_LOW,Y,,,,,MILES: Where are you-,"She gets up, crosses to the table, lifts the jacket and takes the label out from under the pane where she left it. She reads it. Then she walks out of the room.",,2569
SH0171,SC-14,ACT THREE,INT. WARD HOUSE / LIVING ROOM - NIGHT,01:16:53:00,01:17:07:00,16:53,14,14,MED,SLOW PUSH,50,L,KITCHEN,KITCHEN_OVERHEAD,,,,M08,Refrigerator. Rain. Absolutely no dialogue.,,LAUREN stops in front of the wall calendar. The circled date. Blue pen. Nothing written in it. She looks down at the label in her hand. She looks up at the calendar. She stands there a long time.,THE BEST PASSAGE IN THE ACT. Fourteen seconds of a woman doing arithmetic. Do not cover it in dialogue. Do not cut away.,2570
SH0172,SC-14,ACT THREE,INT. WARD HOUSE / LIVING ROOM - NIGHT,01:17:07:00,01:17:12:00,17:07,5,6,MED,STATIC,40,L,LIVING,WARM_LOW,,,,,,LAUREN: What happens on the fourteenth.,She comes back in with the label held up between two fingers.,,2571
SH0173,SC-14,ACT THREE,INT. WARD HOUSE / LIVING ROOM - NIGHT,01:17:12:00,01:17:15:00,17:12,3,4,MCU,STATIC,65,M,LIVING,WARM_LOW,,,,,,MILES: Nothing.,,,2572
SH0174,SC-14,ACT THREE,INT. WARD HOUSE / LIVING ROOM - NIGHT,01:17:15:00,01:17:25:00,17:15,10,12,CU,STATIC,75,L,LIVING,WARM_LOW,,,,,,"LAUREN: It's on the box, Miles. It's the consignment date. | LAUREN: And it's the one day of the year you circle on a calendar and don't write anything in.",,PAYOFF P7.,2573
SH0175,SC-14,ACT THREE,INT. WARD HOUSE / LIVING ROOM - NIGHT,01:17:25:00,01:17:37:00,17:25,12,14,CU,SLOW PUSH,75,L,LIVING,WARM_LOW,,,,,,"LAUREN: Six years I've watched you circle that. I never asked. | LAUREN: I decided it was somebody's birthday, and that you'd tell me when you could.",,,2574
SH0176,SC-14,ACT THREE,INT. WARD HOUSE / LIVING ROOM - NIGHT,01:17:37:00,01:17:43:00,17:37,6,7,MED,STATIC,40,L,LIVING,WARM_LOW,,,,M08,,LAUREN: So tell me when you can.,She lowers the label.,,2575
SH0177,SC-14,ACT THREE,INT. WARD HOUSE / LIVING ROOM - NIGHT,01:17:43:00,01:17:50:00,17:43,7,8,MED,STATIC,40,M,LIVING,WARM_LOW,,,,,Score out.,,MILES sits down on the arm of the couch. It takes him a moment to do it.,,2576
SH0178,SC-14,ACT THREE,INT. WARD HOUSE / LIVING ROOM - NIGHT,01:17:50:00,01:17:57:00,17:50,7,8,MCU,STATIC,65,M,LIVING,WARM_LOW,,,,,,MILES: Once a year. | LAUREN: Once a year what. | MILES: I send nine words.,,THE CONFESSION. Play it as small as possible. He is not confessing; he is being drained.,2577
SH0179,SC-14,ACT THREE,INT. WARD HOUSE / LIVING ROOM - NIGHT,01:17:57:00,01:18:02:00,17:57,5,6,WIDE-2S,STATIC,35,MB,LIVING,WARM_LOW,,,,M09,Rain. Nothing else.,,The room is very quiet.,,2578
SH0180,SC-14,ACT THREE,INT. WARD HOUSE / LIVING ROOM - NIGHT,01:18:02:00,01:18:12:00,18:02,10,12,MED-2S,STATIC,40,MB,LIVING,WARM_LOW,,,,,,LAUREN: You send. | MILES: Yes. | LAUREN: Forward. | MILES: Yes. | LAUREN: That's five. | MILES: I know what it is. | LAUREN: Say it. | MILES: That's clause five.,One syllable at a time.,,2579
SH0181,SC-14,ACT THREE,INT. WARD HOUSE / LIVING ROOM - NIGHT,01:18:12:00,01:18:18:00,18:12,6,7,CU,STATIC,75,L,LIVING,WARM_LOW,,,,,,LAUREN: How many times. | MILES: Six.,,,2580
SH0182,SC-14,ACT THREE,INT. WARD HOUSE / LIVING ROOM - NIGHT,01:18:18:00,01:18:26:00,18:18,8,9,MED,HANDHELD-SUBTLE,40,L,LIVING,WARM_LOW,,,,,,,"LAUREN turns away from him. All the way around, hands on top of her head, looking at nothing.",,2581
SH0183,SC-14,ACT THREE,INT. WARD HOUSE / LIVING ROOM - NIGHT,01:18:26:00,01:18:33:00,18:26,7,8,MED-2S,STATIC,40,MB,LIVING,WARM_LOW,,,,,,"LAUREN: What are the nine words. | MILES: Lauren- | LAUREN: What are the nine words, Miles.",,,2582
SH0184,SC-14,ACT THREE,INT. WARD HOUSE / LIVING ROOM - NIGHT,01:18:33:00,01:18:42:00,18:33,9,11,CU,SLOW PUSH,75,M,LIVING,WARM_LOW,,,,M08,,MILES: We're still here. We're okay. Don't come. I'm sorry.,MILES.,THE NINE WORDS. Absolutely flat. He has said them six times into a void and they have worn smooth.,2583
SH0185,SC-14,ACT THREE,INT. WARD HOUSE / LIVING ROOM - NIGHT,01:18:42:00,01:18:50:00,18:42,8,9,CU,STATIC,75,L,LIVING,WARM_LOW,,,,,,LAUREN: Who's I'm sorry for? | LAUREN: Who is it for?,She turns back.,,2584
SH0186,SC-14,ACT THREE,INT. WARD HOUSE / LIVING ROOM - NIGHT,01:18:50:00,01:18:56:00,18:50,6,7,MCU,STATIC,65,M,LIVING,WARM_LOW,,,,,,MILES: There's somebody who thinks we didn't make it.,,,2585
SH0187,SC-14,ACT THREE,INT. WARD HOUSE / LIVING ROOM - NIGHT,01:18:56:00,01:19:03:00,18:56,7,8,MED-2S,STATIC,40,MB,LIVING,WARM_LOW,,,,,,LAUREN: Who. | MILES: Lauren. | LAUREN: Who?,,,2586
SH0188,SC-14,ACT THREE,INT. WARD HOUSE / LIVING ROOM - NIGHT,01:19:03:00,01:19:12:00,19:03,9,10,CU,STATIC,75,M,LIVING,WARM_LOW,,,,M09,Score out. Rain.,,He cannot. He physically cannot get it out. His mouth works and nothing comes.,The name is never spoken in this episode. It arrives as a voice in SC-22 instead.,2587
SH0189,SC-14,ACT THREE,INT. WARD HOUSE / LIVING ROOM - NIGHT,01:19:12:00,01:19:21:00,19:12,9,10,CU,SLOW PUSH,75,L,LIVING,WARM_LOW,,,,,,LAUREN: Oh.,"And Lauren - watching him fail - understands something, and goes absolutely still.",,2588
SH0190,SC-14,ACT THREE,INT. WARD HOUSE / LIVING ROOM - NIGHT,01:19:21:00,01:19:28:00,19:21,7,8,ECU-INSERT,STATIC,100,NONE,LIVING,WARM_LOW,Y,,,,,,She looks down at the label in her hand. At the crossed seven. At the date.,,2589
SH0191,SC-14,ACT THREE,INT. WARD HOUSE / LIVING ROOM - NIGHT,01:19:28:00,01:19:40:00,19:28,12,12,MED-2S,STATIC,40,MB,LIVING,WARM_LOW,,,,,,LAUREN: Miles. | LAUREN: You didn't get a package. | MILES: Don't. | LAUREN: You got an answer.,THE TURN.,THE PIVOT OF THE EPISODE. Quiet. No music. She is not accusing him; she is solving it.,2590
SH0192,SC-14,ACT THREE,INT. WARD HOUSE / LIVING ROOM - NIGHT,01:19:40:00,01:19:47:00,19:40,7,7,CU,HANDHELD,75,L,LIVING,WARM_LOW,,,,,,MILES: Lauren- | LAUREN: YOU PUT OUR ADDRESS IN THE AIR ONCE A YEAR FOR SIX YEARS AND LET ME THINK I WAS SAFE!,It rips out of her. It is the loudest thing in this house in six years and it is over in two seconds.,THE LOUDEST HUMAN SOUND IN THE EPISODE. One line. Then the silence afterward is enormous.,2591
SH0193,SC-14,ACT THREE,INT. WARD HOUSE / LIVING ROOM - NIGHT,01:19:47:00,01:19:52:00,19:47,5,6,MCU,STATIC,65,M,LIVING,WARM_LOW,,,,,Total silence for two seconds after her line.,,Miles has not moved.,,2592
SH0194,SC-14,ACT THREE,INT. WARD HOUSE / LIVING ROOM - NIGHT,01:19:52:00,01:20:00:00,19:52,8,9,MCU,STATIC,65,M,LIVING,WARM_LOW,,,,,,MILES: It's nine words. There's no address in it. There's no- | LAUREN: There's a when.,Low.,,2593
SH0195,SC-14,ACT THREE,INT. WARD HOUSE / LIVING ROOM - NIGHT,01:20:00:00,01:20:11:00,20:00,11,13,CU,SLOW PUSH,75,L,LIVING,WARM_LOW,,,,,,"LAUREN: Every year. Same day. Same time, I'd bet. | LAUREN: You didn't tell them where we are. You told them we're regular.",That stops him.,,2594
SH0196,SC-14,ACT THREE,INT. WARD HOUSE / LIVING ROOM - NIGHT,01:20:11:00,01:20:16:00,20:11,5,6,CU,STATIC,75,M,LIVING,WARM_LOW,,,,,,,Miles puts his hand over his mouth and holds it there.,,2595
SH0197,SC-14,ACT THREE,INT. WARD HOUSE / LIVING ROOM - NIGHT,01:20:16:00,01:20:22:00,20:16,6,7,CU,STATIC,75,L,LIVING,WARM_LOW,,,,,,LAUREN: They didn't find us. You waved.,,The cruellest line in the episode and she does not raise her voice for it.,2596
SH0198,SC-14,ACT THREE,INT. WARD HOUSE / LIVING ROOM - NIGHT,01:20:22:00,01:20:29:00,20:22,7,8,WIDE-2S,STATIC,35,MB,LIVING,WARM_LOW,,,,M09,Rain. Refrigerator. Score out.,,Long silence.,Silence #8. Separated framing: they are at opposite ends of the widest lens in the room.,2597
SH0199,SC-14,ACT THREE,INT. WARD HOUSE / LIVING ROOM - NIGHT,01:20:29:00,01:20:36:00,20:29,7,8,MED-2S,STATIC,40,MB,LIVING,WARM_LOW,,,,,,MILES: They told us nobody would come looking. | LAUREN: They told us a lot of things.,,,2598
SH0200,SC-14,ACT THREE,INT. WARD HOUSE / LIVING ROOM - NIGHT,01:20:36:00,01:20:50:00,20:36,14,16,MCU,SLOW PUSH,65,M,LIVING,WARM_LOW,,,,,,"MILES: They said the whole point - the entire point, Lauren, the reason for all of it, | MILES: the reason we don't have photographs and I check a street I have checked eleven thousand times - | MILES: was that if we did it properly, nobody would ever have to come.",,"PAYOFF P1. The picture hooks are explained here, in an argument, at speed, and never returned to.",2599
SH0201,SC-14,ACT THREE,INT. WARD HOUSE / LIVING ROOM - NIGHT,01:20:50:00,01:20:59:00,20:50,9,10,CU,STATIC,75,L,LIVING,WARM_LOW,,,,,,LAUREN: And you did it properly. | MILES: I did it properly for three hundred and sixty-four days a year.,,,2600
SH0202,SC-14,ACT THREE,INT. WARD HOUSE / LIVING ROOM - NIGHT,01:20:59:00,01:21:07:00,20:59,8,9,MED,STATIC,40,L,LIVING,WARM_LOW,Y,,,,,LAUREN: Yeah.,"She sits down on the coffee table, right beside the covered pane, because her legs have stopped being interested.",,2601
SH0203,SC-14,ACT THREE,INT. WARD HOUSE / LIVING ROOM - NIGHT,01:21:07:00,01:21:16:00,21:07,9,10,MED-2S,STATIC,40,MB,LIVING,WARM_LOW,,,,M08,,LAUREN: I'm not angry that you lied. | MILES: You are. | LAUREN: I'm a little angry that you lied.,Almost - almost - the ghost of the two people from the beginning of the evening. Then it is gone.,,2602
SH0204,SC-14,ACT THREE,INT. WARD HOUSE / LIVING ROOM - NIGHT,01:21:16:00,01:21:29:00,21:16,13,13,CU,SLOW PUSH,75,L,LIVING,WARM_LOW,,,,,,"LAUREN: You didn't protect me, Miles. | LAUREN: You just made sure that when it came, I'd be the one who was surprised.",The thesis of the marriage.,THE MOST IMPORTANT LINE IN THE EPISODE. It must be the QUIETEST. No music under it.,2603
SH0205,SC-14,ACT THREE,INT. WARD HOUSE / LIVING ROOM - NIGHT,01:21:29:00,01:21:35:00,21:29,6,7,MCU,STATIC,65,M,LIVING,WARM_LOW,,,,,Rain. Nothing else.,,He has no answer to that. There isn't one.,,2604
SH0206,SC-15,ACT THREE,INT. WARD HOUSE / LIVING ROOM - CONTINUOUS,01:21:35:00,01:21:43:00,21:35,8,9,MED,STATIC,40,L_CARD,LIVING,WARM_LOW,,,,M10,,,"The room has just got colder. You can see it: her arms come in. She gets up, takes a grey cardigan off the back of the chair, and pulls it on.","WARDROBE CHANGE WRD-L-A -> WRD-L-B. Cold is a device rule, not a mood. Log to continuity.",2705
SH0207,SC-15,ACT THREE,INT. WARD HOUSE / LIVING ROOM - CONTINUOUS,01:21:43:00,01:21:51:00,21:43,8,9,MED-2S,STATIC,40,MB,LIVING,WARM_LOW,,,,,,MILES: It does that. | LAUREN: Does what. | MILES: When it's about to.,,,2706
SH0208,SC-15,ACT THREE,INT. WARD HOUSE / LIVING ROOM - CONTINUOUS,01:21:51:00,01:21:58:00,21:51,7,8,CU,STATIC,75,L_CARD,LIVING,WARM_LOW,,,,,,MILES: Lauren. | LAUREN: Don't. | MILES: Lauren.,"She looks at him. Six years of not asking, and now every single answer is a new injury.",,2707
SH0209,SC-15,ACT THREE,INT. WARD HOUSE / LIVING ROOM - CONTINUOUS,01:21:58:00,01:22:03:00,21:58,5,6,MED-2S,SLOW PUSH,40,MB,LIVING,WARM_LOW,,,,M08,,,She stops. He comes over. He does not touch her. He gets close enough to.,"FIRST SHARED FRAME SINCE 20:15. The reunion is aborted, but the framing is the promise.",2708
SH0210,SC-15,ACT THREE,INT. WARD HOUSE / LIVING ROOM - CONTINUOUS,01:22:03:00,01:22:15:00,22:03,12,14,CU,SLOW PUSH,75,M,LIVING,WARM_LOW,,,,,,MILES: I have been so scared for so long that I forgot it was a thing that could end. | MILES: I thought if I could just hold it - for long enough-,The only articulate thing Miles says all night.,,2709
SH0211,SC-15,ACT THREE,INT. WARD HOUSE / LIVING ROOM - CONTINUOUS,01:22:15:00,01:22:24:00,22:15,9,10,MED-2S,STATIC,40,MB,LIVING,WARM_LOW,,CONTACT,,M08,Rain. Two people breathing. Nothing else.,,"He raises his hand and puts it on her arm, just above the elbow. She lets him. Ten seconds of two people almost, almost getting back.",Silence #9. The near-repair. It must be genuinely tender or the interruption is worthless.,2710
SH0212,SC-15,ACT THREE,INT. WARD HOUSE / LIVING ROOM - CONTINUOUS,01:22:24:00,01:22:28:00,22:24,4,5,WIDE-2S,STATIC,35,MB,LIVING,MIXED,Y,,,M10,No sound. Light only.,,"LIGHT. The pane, under the jacket, comes on so brightly that the canvas glows from underneath.",,2711
SH0213,SC-15,ACT THREE,INT. WARD HOUSE / LIVING ROOM - CONTINUOUS,01:22:28:00,01:22:32:00,22:28,4,5,MED,HANDHELD-SUBTLE,40,M,LIVING,MIXED,Y,,,,,,Miles pulls the jacket off.,,2712
SH0214,SC-15,ACT THREE,INT. WARD HOUSE / LIVING ROOM - CONTINUOUS,01:22:32:00,01:22:40:00,22:32,8,9,ECU-INSERT,SLOW PUSH,100,NONE,LIVING,COLD_PANE,Y,,,M10,,,ON THE PANE: no face. A black field. Four words in thin white wide-tracked type. DO NOT GO BACK.,Typography must match the main title card exactly. That is the point: it is the same house style.,2713
SH0215,SC-15,ACT THREE,INT. WARD HOUSE / LIVING ROOM - CONTINUOUS,01:22:40:00,01:22:51:00,22:40,11,13,MED,STATIC,40,L_CARD,LIVING,MIXED,Y,,,,,"LAUREN: Okay. That's what you've been saying. That's what you've been saying all night. | LAUREN: Stay put. Do nothing. That's good, isn't it-",Lauren stares at it.,,2714
SH0216,SC-15,ACT THREE,INT. WARD HOUSE / LIVING ROOM - CONTINUOUS,01:22:51:00,01:23:00:00,22:51,9,10,MED,SLOW PUSH,50,M,LIVING,MIXED,Y,,,,,,She turns to him. MILES has taken a step BACK from the table. Not a flinch - a retreat. He has put distance between himself and four words on a screen and he is looking at them like they are a person in the room.,THE ACT'S REAL TURN. He is not reacting to the content. He is reacting to the grammar.,2715
SH0217,SC-15,ACT THREE,INT. WARD HOUSE / LIVING ROOM - CONTINUOUS,01:23:00:00,01:23:09:00,23:00,9,11,MED-2S,STATIC,40,MB,LIVING,MIXED,Y,,,,,"LAUREN: Miles? | MILES: That's not advice. | LAUREN: What? | MILES: That's not somebody warning us. That's - Lauren, that's word for word.",,,2716
SH0218,SC-15,ACT THREE,INT. WARD HOUSE / LIVING ROOM - CONTINUOUS,01:23:09:00,01:23:16:00,23:09,7,8,CU,STATIC,75,L_CARD,LIVING,MIXED,,,,,,MILES: That's clause three.,"She looks at the screen. Then at him. And then she gets it, and it takes all the blood out of her too.",,2717
SH0219,SC-15,ACT THREE,INT. WARD HOUSE / LIVING ROOM - CONTINUOUS,01:23:16:00,01:23:25:00,23:16,9,10,MED-2S,SLOW PUSH,40,MB,LIVING,MIXED,Y,,,M10,,LAUREN: Somebody over there is reading us our own Terms. | MILES: Somebody over there has them.,,,2718
SH0220,SC-15,ACT THREE,INT. WARD HOUSE / LIVING ROOM - CONTINUOUS,01:23:25:00,01:23:37:00,23:25,12,12,ECU-INSERT,SLOW PUSH,100,NONE,LIVING,COLD_PANE,Y,,11:00,M11,A filtered noise pulse arrives on each second. Felt more than heard.,,"Beneath the four words, small, precise, unhurried, a number appears. 11:00. It becomes 10:59. Then 10:58.",THE COUNTDOWN BEGINS. From here it runs in real time and reaches 00:00 at the knock in SC-22.,2719
SH0221,SC-15,ACT THREE,INT. WARD HOUSE / LIVING ROOM - CONTINUOUS,01:23:37:00,01:23:42:00,23:37,5,6,CU,STATIC,75,L_CARD,LIVING,MIXED,,,10:48,,,LAUREN: Down to what.,Very quietly.,"ACT OUT. Cut to black on her face, not on the number.",2720
SH0222,SC-16,ACT FOUR,INT. WARD HOUSE / KITCHEN - NIGHT,01:23:42:00,01:23:50:00,23:42,8,9,WIDE-2S,STATIC,35,MB,KITCHEN,KITCHEN_OVERHEAD,,,10:43,M11,,,"Overhead light on. Everything visible. Two people working. There is no panic in this room, and that is the frightening part.",Their competence IS the horror. Nobody hurries. Nobody drops anything.,2821
SH0223,SC-16,ACT FOUR,INT. WARD HOUSE / KITCHEN - NIGHT,01:23:50:00,01:23:59:00,23:50,9,11,MED-2S,STATIC,40,MB,KITCHEN,KITCHEN_OVERHEAD,,,10:35,,,"MILES: Back door, alley, left, and you're on Weir in ninety seconds. | MILES: Front door, you're on Cedar, and Cedar only goes two ways.",Lauren has a pad and is writing a list in fast legible capitals. Miles is at the back door.,,2822
SH0224,SC-16,ACT FOUR,INT. WARD HOUSE / KITCHEN - NIGHT,01:23:59:00,01:24:07:00,23:59,8,9,MED-2S,STATIC,40,MB,KITCHEN,KITCHEN_OVERHEAD,,,10:26,,,LAUREN: Car? | MILES: Car's on Cedar. | LAUREN: So the car's decorative. | MILES: The car's a place somebody would wait.,He says it the way you'd say the milk's off.,,2823
SH0225,SC-16,ACT FOUR,INT. WARD HOUSE / KITCHEN - NIGHT,01:24:07:00,01:24:14:00,24:07,7,8,MED,TRACK,40,M,HALL,WARM,,,10:18,M11,,,"He goes to the hall closet, reaches up past the coats, and takes down two canvas duffels. They are grey with dust across the top.",,2824
SH0226,SC-16,ACT FOUR,INT. WARD HOUSE / KITCHEN - NIGHT,01:24:14:00,01:24:23:00,24:14,9,11,MED-2S,STATIC,40,MB,KITCHEN,KITCHEN_OVERHEAD,,,10:11,,,LAUREN: How long have those been up there? | MILES: Since we moved in. | LAUREN: Six years. | MILES: Yes. | LAUREN: You packed one for me. | MILES: I packed two.,Lauren stares at them.,Complicating grace note: he DID prepare for her. He just never told her.,2825
SH0227,SC-16,ACT FOUR,INT. WARD HOUSE / KITCHEN - NIGHT,01:24:23:00,01:24:32:00,24:23,9,10,ECU-INSERT,SLOW PUSH,100,NONE,KITCHEN,KITCHEN_OVERHEAD,,,10:02,M11,,,"She unzips hers. Cash in a band. A phone still in its box. Socks. A folding knife. A coat she does not remember owning. And at the bottom, face-down, a small photograph.",,2826
SH0228,SC-16,ACT FOUR,INT. WARD HOUSE / KITCHEN - NIGHT,01:24:32:00,01:24:41:00,24:32,9,12,CU,SLOW PUSH,75,L_CARD,KITCHEN,KITCHEN_OVERHEAD,,,09:53,,,LAUREN: We're not allowed to have this. | MILES: I know.,She turns it over. We do not see it. She looks at it for a long moment.,PAYOFF P1 / clause two. NEVER show the photograph. Not this season.,2827
SH0229,SC-16,ACT FOUR,INT. WARD HOUSE / KITCHEN - NIGHT,01:24:41:00,01:24:45:00,24:41,4,5,MED,STATIC,40,L_CARD,KITCHEN,KITCHEN_OVERHEAD,,,09:44,,,,She puts it in her back pocket.,,2828
SH0230,SC-16,ACT FOUR,INT. WARD HOUSE / KITCHEN - NIGHT,01:24:45:00,01:24:50:00,24:45,5,6,MED,STATIC,40,L_CARD,KITCHEN,KITCHEN_OVERHEAD,,,09:40,,Phone buzz on laminate.,,Her phone buzzes on the counter. She picks it up. Reads it. Then stops.,,2829
SH0231,SC-16,ACT FOUR,INT. WARD HOUSE / KITCHEN - NIGHT,01:24:50:00,01:24:58:00,24:50,8,9,ECU-INSERT,STATIC,100,NONE,KITCHEN,KITCHEN_OVERHEAD,,,09:35,M11,,,THE PHONE. A message from no one. Blank body. Received: 3:14 AM. The clock at the top of the screen reads 11:26 PM.,Impossibility #1. Give the audience three full seconds to do the subtraction themselves.,2830
SH0232,SC-16,ACT FOUR,INT. WARD HOUSE / KITCHEN - NIGHT,01:24:58:00,01:25:07:00,24:58,9,10,MED-2S,STATIC,40,MB,KITCHEN,KITCHEN_OVERHEAD,,,09:27,,,MILES: Okay. | LAUREN: Okay? | MILES: I'm putting it in the drawer.,She turns the phone around and shows him. He looks at it for two full seconds.,,2831
SH0233,SC-16,ACT FOUR,INT. WARD HOUSE / KITCHEN - NIGHT,01:25:07:00,01:25:15:00,25:07,8,9,MED,STATIC,40,M,KITCHEN,KITCHEN_OVERHEAD,,,09:18,,,,"He takes the phone, opens a drawer, puts it in, and closes it. It is such a calm, useless, human thing to do that Lauren almost laughs.","The episode's only laugh in the back half. It must be almost, and it must be sad.",2832
SH0234,SC-16,ACT FOUR,INT. WARD HOUSE / KITCHEN - NIGHT,01:25:15:00,01:25:24:00,25:15,9,11,ECU-INSERT,STATIC,100,NONE,KITCHEN,KITCHEN_OVERHEAD,,,09:10,M11,"The refrigerator compressor stutters once, on the repeat.",,"The microwave clock. 11:26. It becomes 11:25. Then it sits there. And then, without hurrying, it goes back to 11:25 again - the same minute twice, four seconds of a night happening a second time.",Impossibility #2. Neither of them says one word about it. That restraint is the scene.,2833
SH0235,SC-16,ACT FOUR,INT. WARD HOUSE / KITCHEN - NIGHT,01:25:24:00,01:25:31:00,25:24,7,8,MED-2S,STATIC,40,MB,KITCHEN,KITCHEN_OVERHEAD,,,09:01,,,"LAUREN: Money, coats, the label. What else. | MILES: Nothing else. That's the whole point of the bags.",They both see it. Neither says anything. Lauren picks up her list. Her hand is not entirely steady. She keeps writing.,,2834
SH0236,SC-17,ACT FOUR,INT. WARD HOUSE / KITCHEN - CONTINUOUS,01:25:31:00,01:25:38:00,25:31,7,8,MED,STATIC,40,L_CARD,KITCHEN,KITCHEN_OVERHEAD,,,08:54,M11,,,She goes to reach for her phone in the drawer - stops herself - takes it out anyway. She opens the camera roll to check something. And her thumb stops moving.,,2935
SH0237,SC-17,ACT FOUR,INT. WARD HOUSE / KITCHEN - CONTINUOUS,01:25:38:00,01:25:47:00,25:38,9,12,ECU-INSERT,SLOW PUSH,100,NONE,KITCHEN,KITCHEN_OVERHEAD,,,08:47,M11,,,"THE PHONE. The most recent photograph: the living room of this house, tonight - the lamp in tonight's position, the jacket on the arm of the couch. MILES and LAUREN, asleep, folded together on the couch. Taken from across the room. From the doorway.","Impossibility #3, and PAYOFF P2. The most frightening image in the episode is a photograph of them sleeping.",2936
SH0238,SC-17,ACT FOUR,INT. WARD HOUSE / KITCHEN - CONTINUOUS,01:25:47:00,01:25:57:00,25:47,10,12,MED-2S,STATIC,40,MB,KITCHEN,KITCHEN_OVERHEAD,,,08:38,,,MILES: When. | LAUREN: Tonight. That's the lamp. That's your jacket. | MILES: We didn't sleep tonight. | LAUREN: No.,Lauren holds the phone out to him without a word. Miles looks.,,2937
SH0239,SC-17,ACT FOUR,INT. WARD HOUSE / KITCHEN - CONTINUOUS,01:25:57:00,01:26:01:00,25:57,4,5,CU-2S,STATIC,75,MB,KITCHEN,KITCHEN_OVERHEAD,,,08:28,,Score out.,,They look at each other.,,2938
SH0240,SC-17,ACT FOUR,INT. WARD HOUSE / KITCHEN - CONTINUOUS,01:26:01:00,01:26:04:00,26:01,3,4,CU-INSERT,STATIC,65,NONE,KITCHEN,KITCHEN_OVERHEAD,,,08:24,,CHIRP - identical to SC-02.,,CHIRP. The smoke detector above them. Same as it has been all week.,,2939
SH0241,SC-17,ACT FOUR,INT. WARD HOUSE / KITCHEN - CONTINUOUS,01:26:04:00,01:26:09:00,26:04,5,6,MED-2S,STATIC,40,MB,KITCHEN,KITCHEN_OVERHEAD,,,08:21,,"CHIRP from off-screen right, spatially placed in the living room. Half a beat late.",,"And then, from the living room: CHIRP. The same tone. The same length. A half-beat late.",PAYOFF P5. This is the moment the house stops being a house.,2940
SH0242,SC-17,ACT FOUR,INT. WARD HOUSE / KITCHEN - CONTINUOUS,01:26:09:00,01:26:18:00,26:09,9,10,MED,SLOW PUSH,50,M,LIVING,COLD_PANE,Y,,08:16,,,,Miles goes to the doorway and looks through into the dark living room. The pane is lying face-up on the coffee table. It is black. The countdown is not showing. It is doing nothing at all.,,2941
SH0243,SC-17,ACT FOUR,INT. WARD HOUSE / KITCHEN - CONTINUOUS,01:26:18:00,01:26:25:00,26:18,7,8,ECU-INSERT,STATIC,100,NONE,LIVING,COLD_PANE,Y,,08:07,M11,"CHIRP, sourced precisely at the coffee table. Then absolute silence.",,"CHIRP. It comes from the pane, while he is standing there looking at it, and there is nothing on it to make a sound.",,2942
SH0244,SC-18,ACT FOUR,INT. WARD HOUSE / LIVING ROOM - CONTINUOUS,01:26:25:00,01:26:33:00,26:25,8,9,MED-2S,STATIC,40,MB,LIVING,COLD_PANE,Y,,08:00,,,"LAUREN: It won't do anything for you. | MILES: What? | LAUREN: You put your whole hand on it and it kept talking. I walk past it, it wakes up.",Lauren comes in behind him.,,3043
SH0245,SC-18,ACT FOUR,INT. WARD HOUSE / LIVING ROOM - CONTINUOUS,01:26:33:00,01:26:40:00,26:33,7,8,MED,STATIC,40,L_CARD,LIVING,COLD_PANE,Y,,07:52,,,MILES: Lauren. | LAUREN: I know.,She crouches down in front of the coffee table. Level with the pane.,,3044
SH0246,SC-18,ACT FOUR,INT. WARD HOUSE / LIVING ROOM - CONTINUOUS,01:26:40:00,01:26:49:00,26:40,9,10,MED-2S,STATIC,40,MB,LIVING,COLD_PANE,Y,,07:45,,,"MILES: That's four. Don't answer it. That's four, Lauren, that's the one you've never- | LAUREN: And five's yours. So we're even.",,LAUREN BREAKS A CLAUSE TOO. The marriage is now symmetrical. This is deliberate.,3045
SH0247,SC-18,ACT FOUR,INT. WARD HOUSE / LIVING ROOM - CONTINUOUS,01:26:49:00,01:26:53:00,26:49,4,5,MCU,STATIC,65,M,LIVING,COLD_PANE,,,07:36,,,,That lands. He stops.,,3046
SH0248,SC-18,ACT FOUR,INT. WARD HOUSE / LIVING ROOM - CONTINUOUS,01:26:53:00,01:27:02:00,26:53,9,10,CU,SLOW PUSH,75,L_CARD,LIVING,COLD_PANE,Y,,07:32,M11,Rain. Nothing. Nothing.,"LAUREN: If you want us to do something, show me where.",She looks at the black pane.,,3047
SH0249,SC-18,ACT FOUR,INT. WARD HOUSE / LIVING ROOM - CONTINUOUS,01:27:02:00,01:27:09:00,27:02,7,8,WIDE-2S,STATIC,35,MB,LIVING,COLD_PANE,Y,,07:23,,"Held silence, five seconds.",,Nothing. Nothing.,Make the audience believe it isn't going to answer.,3048
SH0250,SC-18,ACT FOUR,INT. WARD HOUSE / LIVING ROOM - CONTINUOUS,01:27:09:00,01:27:17:00,27:09,8,9,INSERT-STILL,STATIC,50,NONE,MOTEL,STREET_NIGHT,Y,,07:16,M12,,,"THE STILL. Night, rain. A low, long two-storey motel beside a state highway. External walkway, twelve doors, sodium light. A tall yellow pole sign with one dead letter: BLU RIDG MOT L. Held. Four seconds. Gone. Black.","PAYOFF: this is the sign from the SC-11 footage. Same sign, same dead letter.",3049
SH0251,SC-18,ACT FOUR,INT. WARD HOUSE / LIVING ROOM - CONTINUOUS,01:27:17:00,01:27:25:00,27:17,8,9,MED,HANDHELD-SUBTLE,40,L_CARD,LIVING,COLD_PANE,,,07:08,,,"LAUREN: That's the sign. Miles, that's the sign from the - that's the sign.",Lauren is on her feet.,,3050
SH0252,SC-18,ACT FOUR,INT. WARD HOUSE / LIVING ROOM - CONTINUOUS,01:27:25:00,01:27:32:00,27:25,7,8,MCU,SLOW PUSH,65,M,LIVING,COLD_PANE,,,07:00,,,LAUREN: Miles. What is it?,"He is not looking at the pane. He is looking at the middle distance, and he has gone somewhere else entirely.",,3051
SH0253,SC-18,ACT FOUR,INT. WARD HOUSE / LIVING ROOM - CONTINUOUS,01:27:32:00,01:27:37:00,27:32,5,6,CU,STATIC,75,M,LIVING,COLD_PANE,,,06:53,M12,,MILES: That's where we came in.,,,3052
SH0254,SC-18,ACT FOUR,INT. WARD HOUSE / LIVING ROOM - CONTINUOUS,01:27:37:00,01:27:46:00,27:37,9,11,MED-2S,STATIC,40,MB,LIVING,COLD_PANE,,,06:48,,,"LAUREN: What? | MILES: Room eleven. Second floor, end of the walkway. That's the crossing.",He says the largest thing he has said all night the way you'd say a street name.,,3053
SH0255,SC-18,ACT FOUR,INT. WARD HOUSE / LIVING ROOM - CONTINUOUS,01:27:46:00,01:27:57:00,27:46,11,11,CU,SLOW PUSH,75,L_CARD,LIVING,COLD_PANE,,,06:39,,,"LAUREN: I don't remember that. | MILES: No. | LAUREN: Miles, I don't remember any of that. | MILES: I know.",,A SPENT MYSTERY REPLACED BY A BETTER ONE. This is the episode's most important structural move.,3054
SH0256,SC-18,ACT FOUR,INT. WARD HOUSE / LIVING ROOM - CONTINUOUS,01:27:57:00,01:28:05:00,27:57,8,9,MCU,STATIC,65,M,LIVING,COLD_PANE,,,06:28,,,MILES: And I have never once known what to do with that.,He finally looks at her.,,3055
SH0257,SC-18,ACT FOUR,INT. WARD HOUSE / LIVING ROOM - CONTINUOUS,01:28:05:00,01:28:12:00,28:05,7,8,WIDE,SLOW PUSH,28,L_CARD,LIVING,COLD_PANE,,,06:20,M12,Score thins to one piano note.,,Lauren stands in the middle of her own living room and feels the floor go.,,3056
SH0258,SC-18,ACT FOUR,INT. WARD HOUSE / LIVING ROOM - CONTINUOUS,01:28:12:00,01:28:22:00,28:12,10,13,MED-2S,STATIC,40,MB,LIVING,COLD_PANE,Y,,06:13,,,LAUREN: It told us not to go back. | MILES: Yes. | LAUREN: And then it showed us where to go. | MILES: Yes. | LAUREN: So one of those is a lie. | MILES: Yes. | LAUREN: Which one? | MILES: I don't know.,The contradiction lands.,,3057
SH0259,SC-19,ACT FOUR,INT. WARD HOUSE / LIVING ROOM - CONTINUOUS,01:28:22:00,01:28:29:00,28:22,7,8,ECU-INSERT,SLOW PUSH,100,D,LIVING,COLD_PANE,Y,,06:03,M12,,DOUBLE: Lauren.,"THE PANE COMES ON. The face again, closer than before, filling more of the frame. Steady. Tired. Kind.",,3158
SH0260,SC-19,ACT FOUR,INT. WARD HOUSE / LIVING ROOM - CONTINUOUS,01:28:29:00,01:28:33:00,28:29,4,5,CU,STATIC,75,L_CARD,LIVING,COLD_PANE,,,05:56,,,,Lauren does not answer her.,,3159
SH0261,SC-19,ACT FOUR,INT. WARD HOUSE / LIVING ROOM - CONTINUOUS,01:28:33:00,01:28:42:00,28:33,9,10,ECU-INSERT,STATIC,100,D,LIVING,COLD_PANE,Y,,05:52,,,"DOUBLE: I'm going to say something, and it's going to be unkind, and I'm sorry, and I'd do it again.",,,3160
SH0262,SC-19,ACT FOUR,INT. WARD HOUSE / LIVING ROOM - CONTINUOUS,01:28:42:00,01:28:48:00,28:42,6,7,ECU-INSERT,SLOW PUSH,100,D,LIVING,COLD_PANE,Y,,05:43,M12,,DOUBLE: Count backwards for me. I'll be here at one.,,THE BREAK. Deliver it warmly. It is a mother's line and she means it kindly.,3161
SH0263,SC-19,ACT FOUR,INT. WARD HOUSE / LIVING ROOM - CONTINUOUS,01:28:48:00,01:29:00:00,28:48,12,12,CU,SLOW PUSH,75,L_CARD,LIVING,COLD_PANE,,,05:37,,Score out entirely. Rain. Her breathing.,,"Lauren's face comes apart. It is not a scream and it is not tears. It is the specific and terrible expression of a person hearing, in their own voice, out of a machine, a sentence that has only ever existed in one room in the world - and that room does not exist yet.",THE PERFORMANCE HIGH POINT OF THE EPISODE. Hold. Do not cut away for comfort.,3162
SH0264,SC-19,ACT FOUR,INT. WARD HOUSE / LIVING ROOM - CONTINUOUS,01:29:00:00,01:29:08:00,29:00,8,9,MED,STATIC,40,L_CARD,LIVING,COLD_PANE,,,05:25,,,,She sits down on the floor. Her hand goes to the pendant at her throat and closes around it. A reflex much older than her marriage.,CONTINUITY: first appearance of the pendant reflex. Logged in the character bible.,3163
SH0265,SC-19,ACT FOUR,INT. WARD HOUSE / LIVING ROOM - CONTINUOUS,01:29:08:00,01:29:17:00,29:08,9,11,CU,STATIC,75,L_CARD,LIVING,COLD_PANE,,,05:17,,,LAUREN: My mother said that. | MILES: Lauren- | LAUREN: My mother said that to me. Every night. Nobody knows that.,Barely audible.,,3164
SH0266,SC-19,ACT FOUR,INT. WARD HOUSE / LIVING ROOM - CONTINUOUS,01:29:17:00,01:29:26:00,29:17,9,10,CU,STATIC,75,L_CARD,LIVING,COLD_PANE,,,05:08,,,LAUREN: I have never said that out loud. Not once. Not here. Not to him.,She looks up at the screen.,,3165
SH0267,SC-19,ACT FOUR,INT. WARD HOUSE / LIVING ROOM - CONTINUOUS,01:29:26:00,01:29:34:00,29:26,8,9,ECU-INSERT,STATIC,100,D,LIVING,COLD_PANE,Y,,04:59,,,DOUBLE: I know. | DOUBLE: She said it to me too.,The double's face does something small and very sad.,,3166
SH0268,SC-19,ACT FOUR,INT. WARD HOUSE / LIVING ROOM - CONTINUOUS,01:29:34:00,01:29:41:00,29:34,7,7,ECU-INSERT,SLOW PUSH,100,D,LIVING,COLD_PANE,Y,,04:51,M12,"CRITICAL: the audio bed itself stops for 0.5s. Room tone, rain, everything. Then resumes.","DOUBLE: Didn't she, [ - - - ]","Her mouth makes a name. Two syllables. It is not Lauren. And where the sound should be there is a clean, absolute, half-second ABSENCE. Not a bleep. Not static. A hole.","Do NOT bleep, mute, distort or cover with a sound. REMOVE the audio. The absence must be authored.",3167
SH0269,SC-19,ACT FOUR,INT. WARD HOUSE / LIVING ROOM - CONTINUOUS,01:29:41:00,01:29:48:00,29:41,7,8,MCU,STATIC,65,M,LIVING,COLD_PANE,,,04:44,,,MILES: What did you just call her.,Miles's head snaps around. He heard it. Or heard the shape of it.,,3168
SH0270,SC-19,ACT FOUR,INT. WARD HOUSE / LIVING ROOM - CONTINUOUS,01:29:48:00,01:29:55:00,29:48,7,8,ECU-INSERT,STATIC,100,D,LIVING,COLD_PANE,Y,,04:37,M12,,,The double does not answer him. She never has. But she is looking at him.,,3169
SH0271,SC-19,ACT FOUR,INT. WARD HOUSE / LIVING ROOM - CONTINUOUS,01:29:55:00,01:30:02:00,29:55,7,8,MED,HANDHELD-SUBTLE,40,L_CARD,LIVING,COLD_PANE,,,04:30,,,LAUREN: What am I? | DOUBLE: You're the one who-,"Lauren gets up, unsteady.",,3170
SH0272,SC-20,ACT FOUR,INT. WARD HOUSE / LIVING ROOM & WINDOW - CONTINUOUS,01:30:02:00,01:30:05:00,30:02,3,4,WIDE-2S,STATIC,35,MB,LIVING,BLACKOUT,,,04:23,M13,The entire sound bed cuts. This is the second and last loud moment: the SILENCE is the impact.,,BLACK. Every light in the house goes out at once. The refrigerator stops. The microwave clock dies. The whole building drops into darkness in a single beat.,,3271
SH0273,SC-20,ACT FOUR,INT. WARD HOUSE / LIVING ROOM & WINDOW - CONTINUOUS,01:30:05:00,01:30:11:00,30:05,6,7,MED,HANDHELD-SUBTLE,40,M,LIVING,BLACKOUT,,,04:20,,,,Lauren freezes. Miles goes straight to the window and pulls the curtain aside two inches.,,3272
SH0274,SC-20,ACT FOUR,INT. WARD HOUSE / LIVING ROOM & WINDOW - CONTINUOUS,01:30:11:00,01:30:19:00,30:11,8,9,WIDE-POV,STATIC,50,NONE,EXT_STREET,STREET_NIGHT,,,04:14,M13,"Muffled through glass: the party, warm and completely indifferent.",,"MILES' POV: the street. Every porch light on. Every window lit. The party two doors down still going, warm and yellow and loud. Every house on the street has power.",,3273
SH0275,SC-20,ACT FOUR,INT. WARD HOUSE / LIVING ROOM & WINDOW - CONTINUOUS,01:30:19:00,01:30:25:00,30:19,6,7,WIDE,SLOW PUSH,28,M,LIVING,COLD_PANE,Y,,04:06,,,,"Behind Miles, on the coffee table, the pane is glowing steadily. It is the only light in the house.",,3274
SH0276,SC-20,ACT FOUR,INT. WARD HOUSE / LIVING ROOM & WINDOW - CONTINUOUS,01:30:25:00,01:30:33:00,30:25,8,9,MED,SLOW PUSH,50,M,LIVING,BLACKOUT,,,04:00,,,,"Miles looks out along the street - left, right, and then back to the left. To the same spot he checks every night of his life.",PAYOFF P6. Same sightline as SC-05.,3275
SH0277,SC-20,ACT FOUR,INT. WARD HOUSE / LIVING ROOM & WINDOW - CONTINUOUS,01:30:33:00,01:30:38:00,30:33,5,6,WIDE-POV,STATIC,85,FIG,EXT_STREET,STREET_NIGHT,,,03:52,M13,,,There is a FIGURE standing at the edge of the streetlight's throw. Not close. Not moving.,"Soft, small in frame, absolutely still. No detail. Do not silhouette dramatically.",3276
SH0278,SC-20,ACT FOUR,INT. WARD HOUSE / LIVING ROOM & WINDOW - CONTINUOUS,01:30:38:00,01:30:42:00,30:38,4,5,MCU,STATIC,65,M,LIVING,BLACKOUT,,,03:47,,,,Miles turns his head fully to look at it directly.,,3277
SH0279,SC-20,ACT FOUR,INT. WARD HOUSE / LIVING ROOM & WINDOW - CONTINUOUS,01:30:42:00,01:30:46:00,30:42,4,5,WIDE-POV,STATIC,85,NONE,EXT_STREET,STREET_NIGHT,,,03:43,,,,There is nobody there.,"No whip-pan. No sting. Just an empty pavement, held one beat too long.",3278
SH0280,SC-20,ACT FOUR,INT. WARD HOUSE / LIVING ROOM & WINDOW - CONTINUOUS,01:30:46:00,01:30:53:00,30:46,7,8,MCU,STATIC,65,M,LIVING,BLACKOUT,,,03:39,,Rain. The party. His breathing.,,He does not move for a long moment.,,3279
SH0281,SC-20,ACT FOUR,INT. WARD HOUSE / LIVING ROOM & WINDOW - CONTINUOUS,01:30:53:00,01:31:00:00,30:53,7,8,ECU-INSERT,STATIC,100,NONE,ENTRY,BLACKOUT,,,03:32,M13,"The brass mechanism, close-mic'd, unhurried. The single most important sound effect in the episode.",,"From the front hall, very clearly, in a completely silent house: THE DEADBOLT TURNS. One full revolution.","ACT OUT. Nobody touches it. Cut to black on the sound, not after it.",3280
SH0282,SC-21,ACT FIVE,INT. WARD HOUSE / LIVING ROOM - CONTINUOUS,01:31:00:00,01:31:09:00,31:00,9,10,WIDE-2S,STATIC,35,MB,LIVING,COLD_PANE,Y,,03:25,M13,,,Dark. The pane is the only light in the world and it is the wrong colour for a home. Neither of them screams. Neither of them runs.,"THE THESIS OF ACT FIVE: they are competent, and it is worse.",3381
SH0283,SC-21,ACT FIVE,INT. WARD HOUSE / LIVING ROOM - CONTINUOUS,01:31:09:00,01:31:18:00,31:09,9,11,MED,HANDHELD-SUBTLE,40,M,LIVING,COLD_PANE,,,03:16,,"Chair legs on carpet, then on board.",,"Miles crosses the room, takes the armchair by the back, and drags it - quietly, without hurry - into the mouth of the hallway. Not a barricade. An obstacle. A thing to trip on in the dark.",,3382
SH0284,SC-21,ACT FIVE,INT. WARD HOUSE / LIVING ROOM - CONTINUOUS,01:31:18:00,01:31:28:00,31:18,10,12,MED,HANDHELD-SUBTLE,40,L_CARD,LIVING,COLD_PANE,Y,,03:07,,,,"Lauren shoulders her bag, picks up the pane, wraps it in the cardigan and puts it in the bag. Then she takes the fire iron from the hearth and puts it on the coffee table where either of them can reach it.",She arms them both. She does not hand him the iron; she puts it where either can take it.,3383
SH0285,SC-21,ACT FIVE,INT. WARD HOUSE / LIVING ROOM - CONTINUOUS,01:31:28:00,01:31:35:00,31:28,7,8,WIDE-2S,STATIC,35,MB,LIVING,COLD_PANE,,,02:57,M13,,,They move around each other in the dark like people who have done a drill. Because they have.,,3384
SH0286,SC-21,ACT FIVE,INT. WARD HOUSE / LIVING ROOM - CONTINUOUS,01:31:35:00,01:31:43:00,31:35,8,9,MED-2S,STATIC,40,MB,LIVING,COLD_PANE,,,02:50,,,"MILES: Back door. | LAUREN: No. | MILES: Lauren, the alley's clear, you go left and you're- | LAUREN: No. | MILES: Please.",,,3385
SH0287,SC-21,ACT FIVE,INT. WARD HOUSE / LIVING ROOM - CONTINUOUS,01:31:43:00,01:31:51:00,31:43,8,9,CU,STATIC,75,L_CARD,LIVING,COLD_PANE,,,02:42,,,LAUREN: I'm not doing the part where you decide for me twice in one night.,,,3386
SH0288,SC-21,ACT FIVE,INT. WARD HOUSE / LIVING ROOM - CONTINUOUS,01:31:51:00,01:32:00:00,31:51,9,11,MED-2S,STATIC,40,MB,LIVING,COLD_PANE,,,02:34,,,MILES: That's not what this is. | LAUREN: That's exactly what this is. | LAUREN: You've done it for six years. It's the only thing you're actually good at.,That stops him dead.,,3387
SH0289,SC-21,ACT FIVE,INT. WARD HOUSE / LIVING ROOM - CONTINUOUS,01:32:00:00,01:32:08:00,32:00,8,9,CU,SLOW PUSH,75,L_CARD,LIVING,COLD_PANE,,,02:25,,,LAUREN: Miles. We're doing this one together or we're not doing it.,"Gentler, and worse.",,3388
SH0290,SC-21,ACT FIVE,INT. WARD HOUSE / LIVING ROOM - CONTINUOUS,01:32:08:00,01:32:14:00,32:08,6,7,MCU,STATIC,65,M_JKT,LIVING,COLD_PANE,,,02:17,,,MILES: Okay. | LAUREN: Okay.,He looks at her in the light off the bag.,WARDROBE: jacket is now on. WRD-M-B from here to end.,3389
SH0291,SC-21,ACT FIVE,INT. WARD HOUSE / LIVING ROOM - CONTINUOUS,01:32:14:00,01:32:21:00,32:14,7,7,ECU-INSERT,STATIC,100,NONE,LIVING,COLD_PANE,Y,,02:11,M13,,,She checks the pane through the fabric. The number is showing through the weave. 01:20. 01:19.,COUNTDOWN CHECK: this must read 01:20 at exactly 1:20 before the knock. Bound in the EDL.,3390
SH0292,SC-21,ACT FIVE,INT. WARD HOUSE / LIVING ROOM - CONTINUOUS,01:32:21:00,01:32:28:00,32:21,7,8,MED-2S,STATIC,40,MB,LIVING,COLD_PANE,,,02:04,,,MILES: There's something you need to know before that gets to zero. | LAUREN: Then say it fast.,,,3391
SH0293,SC-21,ACT FIVE,INT. WARD HOUSE / LIVING ROOM - CONTINUOUS,01:32:28:00,01:32:37:00,32:28,9,11,CU,SLOW PUSH,75,M_JKT,LIVING,COLD_PANE,,,01:57,,,"MILES: Nobody comes over. | LAUREN: What? | MILES: It's not against the rules. It's - Lauren, it isn't a rule, it's a fact.",,,3392
SH0294,SC-21,ACT FIVE,INT. WARD HOUSE / LIVING ROOM - CONTINUOUS,01:32:37:00,01:32:47:00,32:37,10,12,MED-2S,STATIC,40,MB,LIVING,COLD_PANE,,,01:48,,,MILES: People don't cross. Things don't cross. | LAUREN: We crossed. | MILES: We came out. That's different. That's falling. Anyone can fall.,,,3393
SH0295,SC-21,ACT FIVE,INT. WARD HOUSE / LIVING ROOM - CONTINUOUS,01:32:47:00,01:32:56:00,32:47,9,11,CU,SLOW PUSH,75,M_JKT,LIVING,COLD_PANE,,,01:38,M13,,MILES: Coming the other way costs something. It costs more than a person has. | LAUREN: Meaning what. | MILES: Meaning nothing comes through whole.,"He is not trying to frighten her. He is telling her a load-bearing fact about the world, and he is terrified.",THE SERIES' DARKEST RULE. Six words. Never elaborated this season.,3394
SH0296,SC-21,ACT FIVE,INT. WARD HOUSE / LIVING ROOM - CONTINUOUS,01:32:56:00,01:33:06:00,32:56,10,13,MED-2S,STATIC,40,MB,LIVING,COLD_PANE,,,01:29,,,MILES: So whatever is out there - whatever it used to be - it paid everything it had to stand on our step. | MILES: And it did that on purpose. And it did it tonight.,,,3395
SH0297,SC-21,ACT FIVE,INT. WARD HOUSE / LIVING ROOM - CONTINUOUS,01:33:06:00,01:33:10:00,33:06,4,5,ECU-INSERT,STATIC,100,NONE,LIVING,COLD_PANE,Y,,01:19,M13,,,The number in the bag: 00:41.,,3396
SH0298,SC-21,ACT FIVE,INT. WARD HOUSE / LIVING ROOM - CONTINUOUS,01:33:10:00,01:33:19:00,33:10,9,10,CU,STATIC,75,L_CARD,LIVING,COLD_PANE,,,01:15,,,"LAUREN: Miles, I have to ask you something and I need you to not manage me. | MILES: Okay.",Lauren stares at him in the dark.,,3397
SH0299,SC-21,ACT FIVE,INT. WARD HOUSE / LIVING ROOM - CONTINUOUS,01:33:19:00,01:33:26:00,33:19,7,8,CU,SLOW PUSH,75,L_CARD,LIVING,COLD_PANE,,,01:06,,Score out. Absolute silence under the question.,LAUREN: That message. | LAUREN: Did it come from me?,,,3398
SH0300,SC-21,ACT FIVE,INT. WARD HOUSE / LIVING ROOM - CONTINUOUS,01:33:26:00,01:33:37:00,33:26,11,11,CU,STATIC,75,M_JKT,LIVING,COLD_PANE,,,00:59,M14,,,"Miles opens his mouth. He does not lie to her. He genuinely, visibly, does not lie to her. He also does not say anything. Three seconds.",THE MOST IMPORTANT PAUSE IN THE EPISODE. Three full seconds. Hold it.,3399
SH0301,SC-21,ACT FIVE,INT. WARD HOUSE / LIVING ROOM - CONTINUOUS,01:33:37:00,01:33:42:00,33:37,5,6,CU,STATIC,75,L_CARD,LIVING,COLD_PANE,,,00:48,,,LAUREN: Okay.,"That is the answer, and she takes it standing up.",,3400
SH0302,SC-22,ACT FIVE,INT. WARD HOUSE / LIVING ROOM - CONTINUOUS,01:33:42:00,01:33:47:00,33:42,5,6,MED,STATIC,40,L_CARD,LIVING,COLD_PANE,Y,,00:43,M14,,,"LIGHT. Inside the bag, through the cardigan, the pane brightens. Lauren pulls it out.",,3501
SH0303,SC-22,ACT FIVE,INT. WARD HOUSE / LIVING ROOM - CONTINUOUS,01:33:47:00,01:33:57:00,33:47,10,10,ECU-INSERT,SLOW PUSH,100,D,LIVING,COLD_PANE,Y,,00:38,M14,,,THE DOUBLE. Closer than she has ever been. Her face nearly fills the pane. She is looking straight out - and her eyes are not on Lauren. They are on Miles. Where they have been all night.,THE PAYLOAD. Do not underline it. Do not rack focus to Miles. Just let her eyeline be wrong.,3502
SH0304,SC-22,ACT FIVE,INT. WARD HOUSE / LIVING ROOM - CONTINUOUS,01:33:57:00,01:34:01:00,33:57,4,5,CU,STATIC,75,L_CARD,LIVING,COLD_PANE,,,00:28,,,LAUREN: Who are you?,,,3503
SH0305,SC-22,ACT FIVE,INT. WARD HOUSE / LIVING ROOM - CONTINUOUS,01:34:01:00,01:34:11:00,34:01,10,12,ECU-INSERT,SLOW PUSH,100,D,LIVING,COLD_PANE,Y,,00:24,,Score out on 'Don't'. Nothing under it.,DOUBLE: I'm the one who left when they told me to. | DOUBLE: Don't.,"And for the first time in the entire episode, the double looks away from Miles. She looks at Lauren.",She is not a threat. She is evidence of what obedience cost. Play it as grief.,3504
SH0306,SC-22,ACT FIVE,INT. WARD HOUSE / LIVING ROOM - CONTINUOUS,01:34:11:00,01:34:18:00,34:11,7,8,ECU-INSERT,STATIC,100,NONE,LIVING,COLD_PANE,Y,,00:14,M14,,,"The number, small, beneath her face. 00:04. 00:03. 00:02. 00:01. 00:00.",,3505
SH0307,SC-22,ACT FIVE,INT. WARD HOUSE / LIVING ROOM - CONTINUOUS,01:34:18:00,01:34:25:00,34:18,7,8,WIDE-2S,STATIC,35,MB,LIVING,COLD_PANE,Y,,00:07,,"TOTAL SILENCE. No rain, no room tone, nothing. The mix floor drops to zero.",,"Nothing happens. The house is silent. The pane holds her face, perfectly still, waiting with them.",Eight seconds of nothing after zero. The audience must conclude it is over.,3506
SH0308,SC-22,ACT FIVE,INT. WARD HOUSE / LIVING ROOM - CONTINUOUS,01:34:25:00,01:34:30:00,34:25,5,6,MED-2S,STATIC,40,MB,LIVING,COLD_PANE,,,00:00,,"Five knuckle knocks on a wooden door, unhurried, patterned. Dry. No reverb tail.",,"KNOCK. KNOCK. KNOCK. A pause. KNOCK. KNOCK. Three, then two.",It is not a stranger's knock. It has a shape. A private meaning between two people.,3507
SH0309,SC-22,ACT FIVE,INT. WARD HOUSE / LIVING ROOM - CONTINUOUS,01:34:30:00,01:34:40:00,34:30,10,10,CU,SLOW PUSH,75,M_JKT,LIVING,COLD_PANE,,,,M14,,,Miles's head comes up. And everything in his face falls apart at once - not fear. Not fear at all. RECOGNITION.,THE EPISODE LIVES OR DIES HERE. Hold on him. It is the answer to who he has been writing to.,3508
SH0310,SC-22,ACT FIVE,INT. WARD HOUSE / LIVING ROOM - CONTINUOUS,01:34:40:00,01:34:47:00,34:40,7,8,CU,STATIC,75,L_CARD,LIVING,COLD_PANE,,,,,,"LAUREN: Miles. | LAUREN: Miles, what.",Watching him.,,3509
SH0311,SC-22,ACT FIVE,INT. WARD HOUSE / LIVING ROOM - CONTINUOUS,01:34:47:00,01:34:53:00,34:47,6,7,MED,STATIC,50,M_JKT,LIVING,COLD_PANE,,,,,Through a wooden door and a wall. Warm. Kind. Utterly unhurried. Gender deliberately unclear.,VOICE (O.S.): It's me.,"And from outside - through the door, muffled, unhurried, and warm.",Two syllables. They must sound like an embrace. That is why it is frightening.,3510
SH0312,SC-22,ACT FIVE,INT. WARD HOUSE / LIVING ROOM - CONTINUOUS,01:34:53:00,01:34:57:00,34:53,4,5,CU,STATIC,75,M_JKT,LIVING,COLD_PANE,,,,,Nothing at all.,,Miles closes his eyes.,,3511
SH0313,SC-22,ACT FIVE,INT. WARD HOUSE / LIVING ROOM - CONTINUOUS,01:34:57:00,01:35:15:00,34:57,18,18,XWIDE,SLOW PUSH,24,MB,LIVING,COLD_PANE,Y,CONTACT,,M14,"One tone, low, and then nothing. Rain returns very faintly at the last second.",,"FINAL SHOT. The dark house. The two of them side by side at last, shoulder against shoulder, lit from below by a pane of glass that should not exist. Behind them, deep in frame, the front door - its frosted panel a soft rectangle of streetlight. Something on the other side moves: a shift of weight, a change in the light, a shape that is a person and is not quite the right size for a person. It does not resolve. The deadbolt is already open.",THE ONLY SHARED FRAME SINCE 20:15. It cost them the entire episode to stand next to each other. CUT TO BLACK BEFORE THE DOOR OPENS.,3512
SH0314,ENDCARD,ACT FIVE,END CARD,01:35:15:00,01:35:27:00,35:15,12,12,TITLE,STATIC,0,NONE,PALE,PALE_FLAT,,,,M15,"The main-title tone returns, resolved a semitone lower. Then out.",,"Black. Silence. Then, thin and wide-tracked: WE'RE FROM THE FUTURE. Below it, smaller: END OF EPISODE ONE.",,9313
SH0315,SC-23,TAG,INT. A PALE ROOM - NO TIME GIVEN,01:35:27:00,01:35:35:00,35:27,8,8,WIDE,STATIC,40,FIG,PALE,PALE_FLAT,,,,M16,Room tone with no reflections in it - an acoustically dead space. Deeply wrong.,,"A room lit uniformly from everywhere, so that nothing casts a shadow and no corner can be located. A FIGURE stands at a waist-height surface, seen from behind and below the shoulders. We will not see their face.",,3614
SH0316,SC-23,TAG,INT. A PALE ROOM - NO TIME GIVEN,01:35:35:00,01:35:43:00,35:35,8,8,ECU-INSERT,SLOW PUSH,100,NONE,PALE,PALE_FLAT,,,,,,,"They hold a flat unlit sheet, roughly the size and thickness of the pane. On it: two records side by side. No photographs. Designations that do not resolve as language. The first record's status field reads LOST.","The sheet is a leaf. Same object, institutional context. Never say so.",3615
SH0317,SC-23,TAG,INT. A PALE ROOM - NO TIME GIVEN,01:35:43:00,01:35:49:00,35:43,6,6,CU-INSERT,STATIC,100,NONE,PALE,PALE_FLAT,,,,,No confirmation sound. Nothing acknowledges it.,,"The figure touches it, once. LOST becomes LOCATED.",,3616
SH0318,SC-23,TAG,INT. A PALE ROOM - NO TIME GIVEN,01:35:49:00,01:35:57:00,35:49,8,8,ECU-INSERT,SLOW PUSH,100,NONE,PALE,PALE_FLAT,,,,,,,"They move to the second record. Its status field ALREADY reads LOCATED. Beside it, a date. It is nineteen years old.",THE TAG'S ENTIRE PURPOSE. Nineteen years. Hold long enough to read it and no longer.,3617
SH0319,SC-23,TAG,INT. A PALE ROOM - NO TIME GIVEN,01:35:57:00,01:36:03:00,35:57,6,6,MED,STATIC,40,FIG,PALE,PALE_FLAT,,,,,,,The figure stops. Just stops. The only human thing that happens in this room.,,3618
SH0320,SC-23,TAG,INT. A PALE ROOM - NO TIME GIVEN,01:36:03:00,01:36:08:00,36:03,5,5,WIDE,STATIC,40,FIG,PALE,PALE_FLAT,,,,,"Flat, female, pleasant, unhurried. No processing. It sounds like a lift announcement.",SYSTEM VOICE: Retrieval is already in progress.,,BLACK on the last syllable. No music. No sting.,3619
